Station,Start,End,PCA_Median,PCA_MAD,PCA_Mean,PCA_Stdev,PCA_DataNum,MinT_Median,MinT_MAD,MinT_Mean,MinT_Stdev,MinT_DataNum
N001,2018-06-12,2019-11-23,358.65,3.26,358.27,5.08,65,358.54,3.43,358.55,4.88,72
N001,2020-09-17,2024-12-31,357.53,2.43,357.73,3.64,22,356.62,2.46,357.59,3.22,21
N002,2018-06-12,2019-11-23,5.41,3.2,4.88,5.14,47,5,3.72,5.33,5.93,47
N002,2020-08-18,2024-12-31,344.06,4.38,343.7,5.37,18,344.57,4.66,344.57,6,18
N003,2018-05-17,2019-11-24,22.76,3.06,22.17,4.35,67,21.88,2.77,22.11,4.19,69
N003,2020-08-18,2024-12-31,1.65,1.88,2.37,3.03,21,1.84,2.13,2.54,3.5,21
N004,2018-06-02,2019-11-24,359.03,2.43,359.18,4.2,61,358.91,2.2,359.22,3.5,65
N004,2020-08-18,2024-12-31,359.76,2.33,0.14,3.14,16,358.48,2.83,358.79,4.62,15
N005,2018-08-05,2024-12-31,357.86,4.58,357.44,7.44,30,357.81,4.63,359.48,5.6,30
N006,2018-06-12,2019-11-24,338,2.78,338.83,4.36,67,337.72,2.69,338.12,4.15,65
N006,2020-08-18,2024-12-31,358.61,1.63,358.76,3.29,24,358.2,2.79,358.35,4.11,26
N007,2018-06-12,2019-11-24,21.94,4.26,22.5,6.33,32,21.35,4.65,20.94,7.48,35
N007,2020-09-12,2024-12-31,357.73,3.27,356.38,5.67,14,357.44,2.32,358.01,4.53,12
N008,2019-02-21,2019-12-10,19.54,4.19,19.7,6.12,39,18.85,4.65,19.16,5.89,45
N008,2020-02-13,2024-12-31,8.44,3.3,9.03,5.35,40,7.63,4.25,8.43,6.43,45
N009,2019-02-21,2019-09-29,352.87,2.03,352.36,3,45,352.71,1.54,352.7,2.78,43
N009,2019-11-08,2024-12-31,19.34,1.94,18.81,3.6,73,19.22,1.92,18.91,3.13,76
N010,2019-02-21,2019-11-08,343.07,2.53,342.69,3.65,59,343.05,2.17,343.43,3.33,59
N010,2019-11-14,2024-12-31,353.9,2.37,353.64,3.73,80,353.33,2.31,353.14,3.88,83
N011,2019-02-21,2019-11-08,357.31,2.7,357.68,4.75,57,358.16,2.56,357.39,4.24,60
N011,2019-11-14,2024-12-31,10.91,2.78,10.02,3.78,83,10.46,3.09,10.19,3.8,85
N012,2019-03-04,2019-10-31,9.51,2.76,10.35,4.07,56,10.35,2.93,10.48,4.42,57
N012,2019-11-14,2020-03-25,340.52,3.31,340.61,3.46,13,339.62,3.83,339.98,4.04,16
N012,2020-04-10,2024-12-31,28.78,3.13,28.59,4.57,68,29.27,2.75,29.11,4.35,68
N013,2019-03-06,2019-12-16,1.84,2.26,1.78,3.67,55,1.63,1.91,2,3.28,57
N013,2020-01-02,2024-12-31,354.55,3.39,354.31,4.3,64,354.78,3.06,354.22,4.42,71
N014,2019-02-21,2019-10-31,342.19,1.8,341.97,2.54,32,343,2.02,342.41,2.74,37
N014,2019-11-08,2024-12-31,358.81,4.17,357.89,5.47,53,358.35,3.78,357.84,5.43,53
N015,2019-02-21,2019-12-10,0.7,2.44,0.17,3.48,50,0.37,2.22,0.09,3.54,55
N015,2020-01-02,2024-12-31,7.31,2.05,7,4.18,64,7.08,2.3,6.82,4,62
N016,2019-02-21,2019-11-14,357.8,3.03,357.23,5.13,53,358.39,2.62,358.03,4.51,56
N016,2019-11-23,2024-12-31,4.05,2.24,3.6,3.69,81,4.09,2.24,3.92,3.85,75
N017,2019-02-21,2024-12-31,354.49,2.76,354.26,3.65,146,354.39,2.9,354.08,3.98,152
N018,2019-03-06,2019-11-04,6.03,2.37,6.04,3.59,39,7,2.66,6.44,3.72,40
N018,2019-11-08,2024-12-31,357.85,3.32,358.32,5.38,88,357.8,3.06,357.46,4.91,88
N019,2019-02-21,2019-12-15,1.7,3.17,1.13,4.51,73,1.92,2.34,1.62,4.08,67
N019,2020-01-02,2024-12-31,7.01,2.2,7.13,3.28,77,6.94,2.47,7.17,3.81,75
N020,2019-02-02,2019-03-06,335.14,1.67,335.78,3.34,6,337.05,2.14,336.45,2.77,6
N020,2019-03-08,2019-12-15,357.23,2.28,356.7,3.87,64,358.07,2.07,357.15,3.64,63
N020,2020-01-02,2024-12-31,341.15,2.68,341.15,3.73,81,341.35,2.51,341.42,3.79,82
N021,2019-03-02,2019-11-24,3.15,2.37,3.21,3.55,44,3.57,1.9,3.47,3.49,47
N021,2019-12-10,2024-12-31,354.81,2.52,354.17,3.66,55,354.7,2.45,354.37,3.79,61
N022,2019-02-21,2019-12-15,22.91,2.03,22.68,3.69,70,22.73,2.47,22.43,3.97,76
N022,2020-01-02,2024-12-31,36.9,2.69,36.83,3.46,70,36.51,2.32,36.02,3.54,75
N023,2019-03-06,2019-10-31,7.92,3.48,7.88,4.4,51,8.08,2.81,8.18,3.89,54
N023,2019-11-08,2024-12-31,345.72,2.54,345.39,3.65,83,345.4,2.41,345.35,3.4,81
N024,2019-03-08,2019-11-14,1.79,2.36,1.77,3.96,51,1.32,2.26,1.54,3.83,53
N024,2019-11-23,2024-12-31,357.87,2.1,357.89,3.12,76,357.6,2.33,357.97,3.81,75
N025,2019-02-21,2019-10-31,357.51,3.52,356.96,5.73,33,357.27,3.03,357.53,5.73,35
N025,2019-11-08,2024-12-31,326.04,3.2,326.42,4.05,52,326.5,3.16,326.56,4.14,52
N026,2019-02-21,2020-01-19,2.17,3.16,1.84,4.36,69,2.41,2.56,2.3,3.97,67
N026,2020-04-10,2024-12-31,7.14,2.39,7.44,3.65,63,7.67,2.42,7.5,3.41,69
N027,2019-02-21,2019-12-15,355.52,2.82,355.71,4.4,83,356.57,2.53,356.31,3.84,76
N027,2020-01-02,2024-12-31,1.2,2.41,1.1,3.8,88,1.34,2.64,1.05,4.43,88
N028,2019-02-02,2024-12-31,4.77,3.08,5.09,4.5,156,5.69,3.14,5.42,4.56,157
N029,2019-03-08,2019-10-31,357.11,2.99,357.8,4.37,35,358.97,2.9,357.92,4.29,41
N029,2019-11-14,2024-12-31,14.53,2.48,14.9,3.64,62,14.93,2.58,14.76,4.36,69
N030,2019-02-21,2020-01-26,352.91,4.6,351.27,8,75,352.85,4.39,351.62,7.7,69
N030,2020-02-20,2024-12-31,3.76,13.75,2.62,14.62,68,4.17,12.93,3.28,13.98,67
N031,2019-02-21,2019-10-29,2.26,1.66,1.82,2.49,51,2.46,1.85,2,3.38,56
N031,2019-11-08,2024-12-31,345.47,1.98,345.83,3.26,75,345.84,1.84,345.39,2.9,72
N032,2019-03-20,2019-10-31,358.3,3,357.86,4.33,40,358.39,3.05,358.19,4.29,40
N032,2019-11-14,2024-12-31,9.46,3.53,8.92,4.87,56,9.2,3.13,8.93,4.81,58
N033,2019-03-24,2019-09-27,351.7,4.71,352.05,6.46,33,351.67,4.73,350.92,6.12,33
N033,2020-01-02,2024-12-31,2.52,3.19,2.31,4.82,71,2.12,3.51,2.08,4.47,72
N034,2019-03-06,2019-10-29,21.46,3.98,22.01,6.44,43,21.64,3.48,21.32,5.07,44
N034,2019-11-08,2020-01-07,0.91,5.58,359.15,6.32,9,0.3,6.17,358.69,7.13,9
N034,2020-02-05,2024-12-31,24.85,3.14,24.65,5.37,60,24.66,3.16,24.97,5.36,66
N035,2019-02-21,2020-01-07,341.87,3.53,341.77,4.46,35,343.02,2.83,342.28,4.9,38
N035,2020-01-19,2024-12-31,6.13,2.61,6.06,3.93,54,6.98,2.37,6.66,3.7,58
N036,2019-06-01,2020-06-07,353.13,3.75,353.3,4.86,14,353.68,3.44,353.6,5.4,14
N036,2020-06-13,2024-12-31,8.41,2.57,8.84,4.09,52,8.82,2.66,9.16,4.21,50
N037,2019-02-21,2019-12-15,352.14,2.38,353.04,3.58,55,352.66,2.17,353.2,3.14,55
N037,2020-01-19,2024-12-31,328.59,2.89,328.63,3.89,55,328.72,2.34,328.61,3.67,58
N038,2019-02-21,2024-12-31,357.46,3.11,357.37,4.46,116,357.69,2.6,357.31,3.85,117
N039,2019-03-10,2019-10-21,7.81,2.39,8.31,3.37,47,8.23,2.31,8.49,2.87,48
N039,2019-11-08,2024-12-31,344.87,2.67,344.71,3.71,87,344.68,2.6,344.44,3.86,85
N040,2019-02-02,2019-03-06,336.47,1.95,336.42,2.91,6,336.07,2.21,336.41,3.48,5
N040,2019-03-08,2019-12-10,357.46,2.57,357.46,3.64,60,357.41,2.36,357.55,3.36,60
N040,2020-01-07,2024-12-31,8.82,2.18,8.69,3.29,70,8.04,2.34,7.8,4.13,71
N041,2019-03-06,2019-12-15,359.78,3.31,359.43,4.56,38,359.75,3.33,359.19,4.33,36
N041,2020-01-02,2024-12-31,5.15,3.68,4.96,4.86,67,4.74,3.42,5.14,4.24,69
N042,2019-03-08,2024-12-31,353.33,2.28,353.43,3.56,124,353.86,2.33,353.69,3.76,122
N043,2019-03-08,2019-12-10,3.23,2.01,3.14,2.66,44,3.85,2.79,3.23,3.94,47
N043,2020-01-02,2024-12-31,358.04,2.14,358.07,3.45,74,357.74,2.15,357.5,3.75,79
N044,2019-06-01,2019-11-08,9.76,1.84,9.6,3.55,26,10.42,2.04,10.24,3.14,30
N044,2020-12-10,2024-12-31,4.33,1.64,3.36,2.54,11,4.46,1.94,3.63,2.81,10
N045,2019-03-08,2019-12-10,4.51,2.26,4.14,3.23,54,4.41,2.09,3.87,3.23,52
N045,2020-01-02,2024-12-31,359.73,2.41,359.36,3.43,68,359.23,2.52,358.54,3.76,69
N046,2019-03-08,2019-12-15,358.64,2.7,358.34,3.44,57,359.31,2.27,359.04,3.25,63
N046,2020-01-23,2024-12-31,350.63,2.7,350.56,3.96,65,350.51,2.56,350.31,3.58,66
N047,2019-03-08,2019-12-15,355.89,2.33,355.65,3.38,64,356.04,2.53,355.79,4.04,64
N047,2020-01-02,2024-12-31,2.41,2.69,1.81,3.35,72,2.62,2.73,2.38,3.55,75
N048,2019-03-24,2020-01-02,17.17,5.17,19.05,8.8,32,17.67,4.42,17.62,7.54,34
N048,2020-02-13,2024-12-31,0.61,4.39,0.62,6.3,44,0.59,3.85,0.24,6.36,44
N049,2019-03-20,2019-11-04,353.03,3.14,353.39,5.23,43,352.6,3.43,352.44,4.99,43
N049,2019-11-08,2024-12-31,17.85,3.76,17.28,5.65,77,17.68,4.13,16.95,5.72,75
N050,2019-03-10,2019-11-04,350.88,2.48,351.12,4.11,50,351.03,2.55,351.62,4.19,51
N050,2019-11-08,2024-12-31,8.17,2.46,8.49,4.04,82,8.02,2.65,8.14,4.06,82
N051,2019-03-10,2019-10-21,353.12,2.3,353.69,2.86,44,352.93,2.21,353.08,3.58,44
N051,2019-11-04,2024-12-31,14.32,2.14,13.92,3.93,72,14.49,2.44,14.77,3.91,74
N052,2019-03-02,2020-01-26,332.44,5.66,331.26,7.25,52,331.88,4.72,330.57,7.28,55
N052,2020-02-13,2024-12-31,23.2,2.95,23.17,4.32,53,23.01,3.88,23.38,5.42,62
N053,2019-03-30,2019-10-31,356.07,2.18,355.91,3.64,58,356.01,1.82,355.99,3.34,58
N053,2019-11-08,2024-12-31,346.59,2.3,346.7,3.77,83,346.04,2.45,346.06,3.76,82
N054,2019-03-20,2019-10-31,359.1,2.4,358.95,4.42,50,359.45,2.42,359.37,3.98,53
N054,2019-11-04,2024-12-31,348.48,2.23,348.81,3.34,85,348,2.31,348.54,3.55,87
N055,2019-03-24,2019-10-31,351.24,2.41,350.9,3.54,54,351.26,2.18,350.71,3.5,54
N055,2019-11-08,2024-12-31,5.68,2.51,5.56,4.22,90,5.95,2.38,5.84,3.52,88
N056,2019-03-28,2019-10-29,2.63,2.03,2.79,3.52,41,3.67,2.28,3.12,3.58,45
N056,2019-11-04,2024-12-31,352.86,2.22,352.78,3.67,67,352.98,2.22,352.96,3.47,69
N057,2019-03-20,2024-12-31,351.82,3.11,352.11,4.78,147,351.7,3.04,351.62,4.55,142
N058,2019-03-10,2019-11-26,356.65,2.63,356.94,4.53,53,357.4,2.09,357.66,3.61,52
N058,2019-12-10,2024-12-31,1.63,2.35,1.58,4.05,67,1.78,2.04,2.04,3.96,63
N059,2019-03-24,2019-12-15,4.74,3.61,4.45,6.65,57,5.34,4.27,4.66,5.54,52
N059,2020-01-02,2024-12-31,10.56,3.69,9.79,5.04,72,10.07,2.96,9.5,4.54,67
N060,2019-03-02,2024-12-31,14.07,2.97,13.89,4.6,117,14.24,3.31,13.93,5.28,131
N061,2019-03-02,2020-01-26,7.84,2.98,7.43,4.89,80,7.91,3.04,7.35,5.02,76
N061,2020-02-05,2024-12-31,350.41,2.75,350.32,4.42,73,350.65,3.05,350.07,5.1,75
N062,2019-03-02,2019-11-04,7.81,2.99,7.08,4.27,40,8.72,2.99,7.96,4.12,38
N062,2019-11-08,2024-12-31,357.48,2.8,357.18,3.58,51,356.4,2.57,356.38,4.36,57
N063,2019-03-02,2019-12-15,344.06,2.71,343.71,3.38,66,344.47,2.02,344.33,3.32,65
N063,2020-01-02,2024-12-31,0.5,2.32,0.3,3.36,75,0.21,2.19,359.99,3.3,77
N064,2019-03-28,2019-07-25,346.94,3.45,346.86,3.93,13,348.34,2.12,348.24,3.52,12
N064,2019-07-26,2019-12-15,348.08,2.28,348.72,3.59,26,349.14,2.24,348.9,3.56,25
N064,2020-01-02,2024-12-31,12.29,2.98,11.98,4.28,76,12.1,2.99,11.8,4.29,77
N065,2019-03-02,2019-11-04,341.97,2.04,342.09,3.35,33,341.96,3.65,341.82,5.8,39
N065,2019-11-08,2020-01-19,5.81,3.47,4.22,5.59,9,2.37,4.84,1.74,5.56,8
N065,2020-03-14,2024-12-31,339.2,3.33,338.72,4.43,54,339.04,3.49,338.89,4.73,52
N066,2019-03-24,2020-01-07,349.84,3.26,349.73,4.59,53,349.88,2.46,349.55,4.37,54
N066,2020-02-13,2024-12-31,5.49,2.68,5.97,4.14,65,5.55,2.52,5.56,4.16,66
N067,2019-03-28,2024-12-31,0.43,2.45,359.98,3.94,83,0.94,2.58,0.65,4.28,82
N068,2019-03-24,2019-11-26,11.49,3.34,10.92,4.82,54,11.81,2.94,11.61,4.61,55
N068,2019-12-10,2024-12-31,5.06,3.29,4.36,4.31,73,4.4,2.91,3.67,4.08,76
N069,2019-03-06,2019-12-15,346.69,2.23,346.7,3.01,55,347.07,2.11,346.97,3.16,59
N069,2020-01-02,2024-12-31,358.53,1.94,358.85,2.7,66,358.61,1.82,358.61,2.93,67
N070,2019-03-24,2024-12-31,359.53,2.93,359.82,4.42,142,0.03,3.06,0.07,4.73,139
N071,2019-03-02,2019-11-04,353.22,2.37,352.78,3.52,40,352.38,2.09,352.36,3.37,34
N071,2019-11-08,2024-12-31,337.33,2.84,336.67,4.16,78,337.4,2.09,336.5,3.68,76
N072,2019-03-02,2020-01-26,21.63,2.23,21.38,4.38,66,22.01,2.49,21.53,4.07,72
N072,2020-02-05,2024-12-31,8.44,1.92,8.05,3.26,65,8.07,2.35,7.86,3.48,67
N073,2019-03-24,2019-12-10,3.04,2.32,2.71,3.16,57,3.29,2.67,3.48,3.57,59
N073,2020-01-02,2024-12-31,355.6,2.83,355.24,4.34,74,355.25,2.88,354.61,4.76,73
N074,2019-03-28,2019-12-10,6.64,2.09,7.99,3.64,41,7.72,2.17,8.13,3.79,40
N074,2020-01-07,2024-12-31,14.86,2.75,14.41,5.13,58,15,2.66,14.34,4.96,54
N075,2019-03-20,2019-12-15,352.94,2.58,353.2,3.28,69,353.52,2,353.18,3.12,62
N075,2020-01-02,2024-12-31,359.94,2.03,359.9,3.46,78,0.21,2.33,359.47,4,77
N076,2019-03-02,2019-12-15,3.54,2.58,2.55,4.83,60,2.86,3.43,2.7,5.01,60
N076,2020-02-13,2024-12-31,23.42,3.5,23.31,4.33,63,22.91,3.62,22.82,4.99,71
N077,2019-03-06,2020-02-05,30.52,3.57,29.87,6.28,65,29.99,2.51,29.08,5.07,70
N077,2020-02-13,2024-12-31,16.13,4.83,16.34,5.37,66,17.12,4.57,16.54,5.38,71
N078,2019-03-06,2019-10-16,355.32,3.72,356.84,5.52,36,357.24,3.49,357.37,5.89,36
N078,2019-11-08,2024-12-31,350.56,4,350.99,6.33,54,349.41,4.02,349.57,6.21,55
N079,2019-03-02,2020-01-19,1.06,6.44,0.41,8.8,40,358.41,5.2,358.91,7.16,35
N079,2020-02-13,2024-12-31,348.24,4.02,348.21,5.6,48,348.15,3.43,347.53,5.17,48
N080,2019-03-02,2019-10-31,3.44,2.13,3.57,3.41,60,3.76,2.48,3.39,3.57,61
N080,2019-11-08,2024-12-31,357.91,3.33,357.59,5.08,87,357.32,3.51,356.95,4.62,88
N081,2019-03-02,2024-12-31,3.53,3.61,2.81,6.35,128,2.77,3.39,1.79,6.2,132
N082,2019-03-28,2019-11-04,351.33,2.45,352.17,4.12,39,351.74,2.61,351.74,4.14,35
N082,2020-01-19,2024-12-31,10.27,2.47,11.13,3.91,49,10.97,2.47,10.8,4.71,59
N083,2019-03-02,2019-10-31,322.55,2.34,322.18,3.36,56,322.61,2.58,322.11,3.83,58
N083,2019-11-08,2024-12-31,357.51,2.93,357.48,4.04,80,357.11,2.85,356.76,4.28,83
N084,2019-03-02,2019-10-29,347.18,2.78,347.06,3.72,53,347.31,2.56,347.03,3.27,53
N084,2019-11-08,2024-12-31,293.01,2.99,293.04,4.65,77,292.66,2.29,292.55,3.84,73
N085,2019-06-01,2024-12-31,0.96,1.96,1.41,3.07,63,1.04,2.68,0.63,3.8,67
N086,2019-03-20,2020-01-26,9.59,16.79,10.08,22.04,58,10.66,17.22,10.89,21.52,61
N086,2020-02-05,2024-12-31,346.86,2.26,347.3,3.53,69,346.69,2.33,346.5,3.41,68
N087,2019-03-02,2019-10-21,10.06,4.79,11.1,6.34,38,9.7,3.74,10.17,6.14,42
N087,2019-11-08,2024-12-31,350.48,2.89,349.72,4.97,63,350.09,3.36,349.68,5.65,64
N088,2019-03-20,2024-12-31,353.48,2.5,353.57,3.89,124,353.86,2.02,354.05,3.23,125
N089,2019-03-20,2019-10-31,352.8,2.63,353.03,4.57,51,353.12,2.87,353.3,4.83,49
N089,2019-11-08,2024-12-31,30.07,2.42,30.19,3.23,75,30.15,2.12,30.38,2.81,72
N090,2019-03-02,2019-03-10,7.35,1.85,8.48,2.87,7,7.27,0.78,6.77,1.07,6
N090,2019-03-24,2019-06-19,355.66,3.29,355.59,4.05,29,354.77,1.93,355.3,3.48,26
N090,2019-06-21,2019-12-10,10.47,2.02,11,2.58,29,11.57,1.82,11.65,2.76,33
N090,2020-01-02,2024-12-31,1.31,1.82,1.23,3.19,63,1.68,2.56,1.35,3.47,62
N091,2019-03-02,2020-03-26,344.92,2.48,345.25,4.15,77,345.2,3.27,345.67,4.66,81
N091,2020-04-05,2024-12-31,8.66,2.32,8.44,3.32,71,8.55,2.2,8.49,3.28,70
N092,2019-03-02,2019-06-19,4.83,2.59,5,4.45,35,5.34,2.56,5.65,3.76,33
N092,2019-06-21,2019-10-29,349.83,1.48,349.91,2.3,28,349.9,1.67,349.6,2.14,27
N092,2019-11-08,2024-12-31,345.87,2.64,345.8,4.11,90,345.66,2.56,345.64,3.65,87
N093,2019-03-20,2019-11-04,356.38,2.62,355.99,3.56,50,355.73,2.45,355.82,3.64,46
N093,2019-11-08,2024-12-31,74.77,2.31,75.42,3.62,78,74.33,2.33,75.02,3.61,82
N094,2019-03-28,2019-12-10,351.34,1.98,351.43,3.18,53,351.91,1.94,351.8,2.91,50
N094,2020-01-02,2024-12-31,60.9,2.51,60.81,3.64,64,60.85,2.7,60.92,4.44,64
N095,2019-03-02,2019-12-15,354.47,2.5,354.31,3.45,70,354.53,2.48,354.52,3.68,71
N095,2020-01-02,2024-12-31,18.52,1.81,18.46,2.71,63,18.08,1.9,17.93,3.04,62
N096,2019-03-02,2019-10-31,344.81,2.63,344.76,3.74,63,344.75,2.38,345.01,3.59,61
N096,2019-11-08,2024-12-31,2.53,1.96,2.54,3.25,84,1.72,2.16,1.79,3.52,85
N097,2019-03-20,2019-11-04,357.4,2.64,357.04,3.78,56,357.03,3.23,356.88,4.11,52
N097,2019-11-06,2024-12-31,2,2.43,2.37,3.67,86,1.83,2.49,2.33,4.04,88
N098,2019-03-28,2019-11-04,358.86,2.12,358.79,3.49,48,359.3,2.92,359.04,4.04,48
N098,2019-11-08,2024-12-31,5.55,2.9,5.33,4.66,83,5.29,2.6,5.38,3.87,81
N099,2019-03-02,2019-12-15,337.1,1.96,337.09,3.48,69,337.48,2.09,337.57,3.46,70
N099,2019-12-23,2024-12-31,357.72,2.46,357.21,3.78,78,357.54,2.21,357.18,2.72,74
N100,2019-03-20,2019-07-07,11.96,3.22,11.33,4.45,29,12.7,3.58,11.29,4.76,30
N100,2020-01-07,2024-12-31,353.61,2.79,352.91,4.66,56,353.95,3.66,352.89,5.25,60
N101,2019-03-28,2020-01-07,21.92,5.45,21.18,8.15,51,21.52,4.37,20.98,7.42,51
N101,2020-01-19,2024-12-31,34.48,3.86,34.49,4.83,54,33.09,3.93,33.38,5.36,58
N102,2019-03-28,2019-12-10,0.08,2.72,359.37,4.6,52,359.49,3.71,359.09,4.99,58
N102,2020-01-07,2024-12-31,11.72,3.18,11.26,4.33,61,11.98,2.47,11.48,4.12,65
N103,2019-03-20,2019-10-29,10.21,2.24,10.43,3.66,42,9.62,2.23,10.25,4.11,44
N103,2019-11-14,2020-02-13,346.66,1.1,347.34,1.22,7,346.67,2.22,345.83,3.7,7
N103,2020-02-20,2024-12-31,10.23,2.1,10.41,3.08,68,10.27,2.04,10.47,3.53,71
N104,2019-06-01,2024-12-31,338.62,2.77,338.96,3.93,78,338.1,2.56,338.28,3.98,79
N105,2019-03-24,2020-01-26,7.34,2.92,7.1,4.69,50,7.05,2.88,6.19,5.14,52
N105,2020-02-13,2024-12-31,12.14,3.48,11.84,4.15,54,12.1,3.39,11.83,4.32,56
N106,2019-03-02,2019-11-04,0.73,3.27,0.24,4.74,52,1.19,3.92,0.49,5.48,47
N106,2019-11-08,2020-01-02,300.4,15.81,304.46,14.5,9,290.47,14.47,286.04,26.72,9
N106,2020-01-07,2024-12-31,345.67,3.71,345.65,5.35,68,346.7,3.49,345.9,5.47,63
N107,2019-03-02,2024-12-31,358.78,3.91,358.08,5.91,107,358.95,2.77,358.68,4.94,100
N108,2019-03-20,2019-08-05,2.18,2.6,0.79,4.81,40,1.28,2.41,0.51,4.67,42
N108,2019-09-14,2024-12-31,9.59,4.02,9.81,5.09,78,9.73,3.79,10.11,5.38,80
N109,2019-03-06,2019-11-04,316.77,3.16,318.38,5.04,47,317.99,2.75,318.11,3.94,43
N109,2019-11-08,2020-02-13,1.63,2.23,0.7,3.9,9,0.35,4.56,1.53,7.77,12
N109,2020-03-14,2024-12-31,341.47,3.15,340.94,5.27,55,341.74,2.81,340.79,4.88,55
N110,2019-03-02,2019-10-29,344.76,3.27,345.14,5.44,49,344.73,2.62,343.77,4.74,47
N110,2019-11-08,2024-12-31,24.17,3.12,23.24,5.32,73,23.56,3.24,22.64,5.29,72
N111,2019-03-10,2024-12-31,5.8,2.75,5.6,4.15,135,5.49,2.92,5.65,4.05,137
N112,2019-03-02,2020-01-26,342.64,4.59,342.16,6.4,51,341.11,3.54,340.35,5.74,48
N112,2020-02-13,2024-12-31,3.32,3.97,3.03,5.49,57,3.22,3.87,2.29,6,56
N113,2019-03-02,2020-01-26,357.1,5.05,356.8,6.55,54,357.2,3.66,356.74,5.98,51
N113,2020-02-13,2024-12-31,20.16,3.97,19.5,6.05,49,17.94,3.54,18.43,6.03,43
N114,2019-03-08,2019-11-08,3.96,2.03,3.68,3.03,57,4.27,2.1,3.9,2.99,57
N114,2019-11-14,2024-12-31,356.66,2.47,356.36,3.76,76,356.83,2.75,356.44,4.08,75
N115,2019-03-10,2019-10-29,353.41,3.02,353.11,6.18,37,352.92,2.51,352.78,5.59,32
N115,2019-11-08,2024-12-31,347.66,2.09,348.19,2.96,40,347.49,2.95,347.54,4.3,44
N116,2019-03-24,2019-10-21,6.56,2.22,6.36,3.23,49,6.99,2.34,6.47,3.69,47
N116,2019-11-04,2024-12-31,16.92,2.37,16.21,4.12,77,16.74,2.59,15.98,4.06,81
N117,2019-03-10,2024-12-31,9.82,4.1,9.66,5.35,78,8.97,4.29,9.1,5.26,84
N118,2019-03-02,2019-11-04,9.09,4.06,8.34,5.44,47,8.82,3.87,8.25,5.09,44
N118,2019-11-08,2024-12-31,45.91,4.63,44.77,6.09,63,44.66,4.19,44.16,6.1,66
N119,2019-03-28,2019-10-29,2.44,2.77,2.76,4.05,37,2.43,3.09,3.05,5.24,38
N119,2019-11-08,2024-12-31,16.22,2.86,15.97,4.05,67,15.77,2.49,15.17,3.48,69
N120,2019-03-28,2024-12-31,12.52,3.48,11.92,4.98,103,12.31,3.18,11.88,4.57,99
N121,2019-03-24,2020-02-05,34.82,2.31,34.44,4.18,59,35.27,2.78,34.29,4.68,60
N121,2020-02-13,2024-12-31,357.92,2.6,357.66,3.85,68,357.78,2.81,357.68,4.02,71
N122,2019-03-02,2020-01-26,339.02,3.41,338.35,5.58,50,339.06,3.49,337.96,5.68,57
N122,2020-02-13,2024-12-31,353.28,3.91,353.19,5.32,59,352.28,3.82,352.29,5.18,55
N123,2019-03-28,2024-12-31,351.71,4.52,351.58,6.1,105,352.15,4.92,351.59,6.62,107
N124,2019-03-28,2020-01-07,359.61,3.75,359.7,6.33,42,358.71,3.39,357.68,5.09,42
N124,2020-02-13,2024-12-31,351.87,4.05,351.28,5.12,52,351.56,4,350.98,5.35,52
N125,2019-03-28,2020-01-07,344.18,8.6,346.5,12.02,28,346.32,5.82,346.42,7.13,24
N125,2020-02-13,2024-12-31,6,6.74,6.62,10.77,22,4.73,5.69,4.22,9.48,21
N126,2019-06-01,2024-12-31,28.42,3.86,27.05,5.36,83,26.89,3.82,26.17,5.34,81
N127,2019-06-01,2024-12-31,5.96,4.03,5.9,5.86,69,5.93,4.18,5.27,6.22,72
N128,2019-06-01,2024-12-31,1.31,3.18,0.55,5.27,89,1.63,3.1,0.78,4.49,78
N129,2019-06-01,2024-12-31,344.12,4.47,343.72,7,51,344.31,4.42,343.55,6.62,54
N130,2019-06-01,2024-12-31,23.79,3.91,24.15,5.1,74,23.72,3.68,23.64,4.61,68
N131,2019-06-01,2024-12-31,187.03,2.28,186.91,3.91,80,186.68,2.86,186.91,4.53,80
N132,2019-06-01,2024-12-31,2.21,2.51,2.36,3.5,94,2.75,2.31,2.41,3.24,90
N133,2019-06-01,2019-08-07,16.13,0.93,16.08,1.82,7,16.94,1.47,18.02,3.56,8
N133,2020-01-02,2024-12-31,15.82,2.86,15.7,4.49,77,15.75,2.78,15.78,4.2,78
N134,2019-06-01,2024-12-31,353.7,3.3,353.53,5.29,73,353.26,2.82,352.86,4.46,67
N135,2019-06-01,2020-10-19,12.64,3.87,10.75,5.87,16,12,4.98,10.25,6.58,16
N135,2020-10-30,2024-12-31,349.44,2.31,349.95,4.51,9,348.09,4.64,348.03,7.29,7
N136,2019-06-01,2024-12-31,2.39,4.05,1.43,6.24,85,1.74,3.73,1.35,5.32,94
N137,2019-06-01,2020-01-19,352.27,1.98,351.87,2.9,23,352.3,1.9,351.9,2.87,23
N137,2020-02-13,2024-12-31,2.85,2.44,2.6,3.53,57,2.13,2.73,2.76,4.03,61
N138,2019-06-01,2024-12-31,11.95,2.45,11.64,3.41,98,11.85,2.55,11.25,3.66,100
N139,2019-06-01,2024-12-31,7.55,2.69,7.78,3.99,96,8.01,2.32,7.69,3.53,92
N140,2019-06-01,2024-12-31,15.34,3.85,15.49,6.32,60,15.51,3.63,15.43,4.55,59
N141,2019-06-01,2020-01-02,357.03,3.53,355.76,5.1,16,356.17,4.09,354.78,4.21,17
N141,2020-04-10,2024-12-31,27.29,3.86,26.86,4.9,40,27.69,3.63,27.41,4.59,42
N142,2019-06-01,2020-01-07,28.39,3.05,28.37,5.23,27,28.33,2.65,28.66,4.4,26
N142,2020-02-13,2024-12-31,7.61,4.75,7.16,6.39,58,6.58,3.6,6.56,4.99,60
N143,2019-06-01,2024-12-31,21.22,3.35,20.88,5.46,71,21.44,2.55,21.06,3.75,64
N144,2019-06-01,2024-12-31,14.82,4.36,15.23,6.44,75,15.17,4.08,15.33,5.93,78
N145,2019-06-01,2024-12-31,10.84,3.74,9.3,6.81,52,9.34,3.97,7.67,6.13,50
N146,2019-06-01,2020-03-18,350.81,5.81,350.54,10.42,10,353.14,5.14,352.56,6.06,7
N146,2020-04-10,2024-12-31,15.76,4.94,16.18,6.24,28,16.79,4.64,16.18,5.94,28
N147,2019-06-01,2019-11-08,10.44,2.24,11.32,3.06,6,10.09,2.3,10.59,2.67,6
N147,2019-11-14,2024-12-31,355.9,2.3,356.58,3.74,52,355.95,2.38,356.3,4.05,50
N148,2019-06-01,2024-12-31,21.9,1.66,21.94,2.7,81,21.66,1.83,21.93,2.72,82
N149,2019-06-01,2024-12-31,337.05,3.66,336.33,5.34,72,336.65,3.03,336.06,4.89,73
N150,2019-06-01,2024-12-31,14.73,3.81,14.33,4.68,87,14.6,3.25,14.09,4.3,84
N151,2019-06-01,2024-12-31,20.55,4.99,19.51,6.31,61,20.96,4.59,20.07,6.14,66
N152,2019-06-01,2024-12-31,334.39,2.25,334.77,3.42,71,334.25,2.62,334.28,4.15,71
N153,2019-06-01,2024-12-31,315.37,3.48,314.2,6.22,66,314.94,3.6,314.27,5.78,69
N154,2019-06-01,2024-12-31,40.12,4.19,39.13,5.96,57,40.45,4.16,39.56,6.61,67
N155,2019-06-01,2020-03-26,354.59,1.33,354.51,2.59,25,353.93,1.39,354.14,2.68,24
N155,2020-04-10,2024-12-31,1.66,2,1.54,3.08,54,1.4,2.03,1.49,3.22,56
N156,2019-06-01,2024-12-31,30.3,4.87,31.43,6.08,53,30.71,5.51,31.44,6.77,52
N157,2019-06-01,2024-12-31,321.59,3.19,321.39,5.14,65,321.19,3.92,320.9,5.92,71
N158,2019-06-01,2024-12-31,334.17,2.76,333.55,4.09,93,334.08,2.72,333.96,3.88,92
N159,2019-06-01,2024-12-31,349.58,2.7,349.68,4.02,103,349.01,2.57,348.89,4.09,96
N160,2019-06-01,2020-10-30,164.79,2.35,165.1,3.46,55,164.7,2.36,165.17,3.91,57
N160,2020-11-06,2024-12-31,10.36,3.13,12.11,3.65,13,11.1,3.82,10.93,5.99,13
N161,2019-06-01,2024-12-31,335.16,3.73,334,5.17,60,334.4,3.66,334.14,5.29,65
N162,2019-06-01,2024-12-31,20.22,2.08,19.86,3.07,67,20.4,2.22,20.12,3.4,70
N163,2019-06-01,2024-12-31,4.83,2.29,5.09,3.2,92,4.72,2.32,4.84,3.02,90
N164,2019-06-01,2024-12-31,35.4,5.87,34.83,6.4,47,34.13,4.96,33.44,6.93,50
N165,2019-06-01,2024-12-31,355.52,4.47,354.42,5.88,64,355.54,3.97,354.47,5.77,63
N166,2019-06-01,2019-12-02,13.69,2.42,13.72,3.71,16,12.49,2.99,13.06,4.35,14
N166,2020-01-02,2024-12-31,4.63,2.25,4.84,3.3,74,4.69,1.77,4.89,2.33,77
N167,2019-06-01,2024-12-31,5.54,2.65,5.47,4.08,74,5.81,2.5,5.87,3.86,75
N168,2019-06-01,2024-12-31,329.14,4.01,328.62,6.2,52,328.31,3.8,328.34,6.52,54
N169,2019-06-01,2024-12-31,20.71,5.2,20.03,6.45,80,20.17,4.64,19.64,5.96,78
N170,2019-06-01,2024-12-31,356.44,2.83,356.13,4.44,88,356.2,2.69,355.71,4.07,85
N171,2019-06-01,2024-12-31,350.97,4.52,350.63,6.63,81,350.22,4.47,350.33,6.25,84
N172,2019-06-01,2024-12-31,330.83,3.96,330.32,5.35,79,329.84,3.76,329.79,5.47,82
N173,2019-06-01,2024-12-31,357.82,2.08,358.26,3.56,73,358,2.18,358.21,3.52,69
N174,2019-06-01,2024-12-31,289.12,2.28,289.29,3.5,89,289.32,2.38,289.11,3.73,94
N175,2019-06-01,2024-12-31,3.92,2.99,3.33,4.99,71,3.2,3.01,2.46,4.96,76
N176,2019-06-01,2024-12-31,356.83,2.99,356.17,4.78,77,357.42,2.77,356.9,3.93,70
N177,2019-06-01,2024-12-31,20.76,4.75,22.05,7.34,44,19.54,3.44,21.2,6.58,30
N178,2019-06-01,2019-09-01,10.13,1.84,10.83,2.77,12,10.63,1.97,10.81,2.37,11
N178,2019-09-14,2024-12-31,358.65,2.93,358.72,4.1,74,358.65,2.93,358.86,4.14,77
N179,2019-06-01,2024-12-31,344.57,2.71,344.58,3.83,99,345.06,2.53,344.87,3.97,102
N180,2019-06-01,2020-01-07,28.64,4.64,28.64,6.69,18,27.75,5.18,28.45,7.66,16
N180,2020-03-14,2024-12-31,11.47,4.04,11.5,5.97,50,10.38,3.58,11.22,5.63,51
N181,2019-06-01,2024-12-31,337.87,4.03,336.76,6.2,71,337.83,3.78,336.4,5.83,69
N182,2019-06-01,2024-12-31,352.4,4.3,351.48,6.01,85,352.27,3.91,351.42,6.03,92
N183,2019-06-01,2024-12-31,10.99,3.79,11.17,5.08,75,10.78,2.99,11.56,3.9,78
N184,2019-06-01,2024-12-31,50.63,2.93,49.71,4.8,90,50.38,2.47,49.42,4.17,92
N185,2019-06-01,2024-12-31,336,3.56,335.57,5.2,69,334.93,3.85,335.16,5.51,75
N186,2019-06-01,2020-03-25,314.59,1.83,314.74,3.16,19,312.57,4.75,310.71,6.98,23
N186,2020-04-10,2024-12-31,13.25,4.08,13.16,5.78,54,12.94,4.46,12.97,6.12,63
N187,2019-06-01,2024-12-31,308.1,2.07,308.29,3.5,77,308.11,2.66,307.89,4.05,82
N188,2019-06-01,2024-12-31,5.44,4.31,3.88,6.43,59,5.72,3.82,4.52,5.83,61
N189,2019-06-01,2024-12-31,331.9,4.87,331.16,8.27,34,331.58,5.04,331.99,8.49,33
N190,2019-06-01,2020-03-26,354.24,2.5,354.1,4.15,28,353.84,2.35,354.45,4.03,25
N190,2020-04-10,2024-12-31,4.47,2.41,4.87,3.56,63,4.66,2.28,4.79,3.17,63
N191,2019-06-01,2024-12-31,22.18,4.88,23.15,6.83,50,22.76,4.54,23.07,6.19,58
N192,2019-06-01,2024-12-31,8.92,2.53,8.72,3.62,85,8.66,2.56,8.52,3.78,89
N193,2019-06-01,2024-12-31,352.53,2.42,352.54,3.25,94,352.35,2.1,352.43,3.19,101
N194,2019-06-01,2024-12-31,345.8,4,344.96,5.95,66,346.07,4.06,345.59,5.4,61
N195,2019-06-01,2024-12-31,14.53,2.28,14.58,3.45,92,14.96,2.47,14.58,3.33,94
N196,2019-06-01,2024-12-31,29.65,2.55,29.58,4,70,29.64,2.67,29.57,4.19,71
N197,2019-06-01,2024-12-31,12.33,4.55,11.8,6.25,74,12.46,4.05,11.87,5.81,74
N198,2019-06-01,2020-01-07,346.39,2.74,346.75,3.43,19,347.06,2.04,347.24,2.7,16
N198,2020-01-19,2024-12-31,339.19,2.31,339.56,3.08,71,339.02,2.65,339.7,3.5,78
N199,2019-06-01,2020-01-07,206.03,2.15,206.37,4.18,17,205.7,2.23,205.09,3.95,15
N199,2020-02-13,2024-12-31,9.94,3.12,9.79,4.08,61,10.03,3.41,9.89,4.72,67
N200,2019-06-01,2024-12-31,359.03,4.61,358.84,7.06,62,359.95,4.35,359.45,6.49,61
