net,sta,start,end,n_days
NS,N001,2017-01-01,2017-11-27,331
NS,N001,2018-02-05,2018-02-05,1
NS,N001,2018-02-09,2018-02-09,1
NS,N001,2018-02-15,2018-05-16,91
NS,N001,2018-07-10,2018-07-19,10
NS,N001,2018-07-23,2018-07-24,2
NS,N001,2018-11-04,2018-11-04,1
NS,N001,2019-06-19,2019-06-27,9
NS,N001,2019-12-06,2020-04-30,147
NS,N001,2020-06-01,2020-08-31,92
NS,N001,2020-09-03,2020-09-04,2
NS,N001,2020-09-24,2020-09-24,1
NS,N001,2020-10-21,2020-10-21,1
NS,N001,2020-11-20,2020-11-21,2
NS,N001,2020-12-04,2020-12-06,3
NS,N001,2021-01-25,2021-02-02,9
NS,N001,2021-10-13,2021-11-08,27
NS,N001,2023-01-15,2023-01-15,1
NS,N001,2023-12-14,2026-07-16,946
NS,N002,2017-01-01,2017-11-27,331
NS,N002,2018-02-15,2018-04-22,67
NS,N002,2018-11-04,2018-11-04,1
NS,N002,2018-11-13,2018-12-02,20
NS,N002,2019-12-07,2020-04-30,146
NS,N002,2020-06-01,2020-08-14,75
NS,N002,2020-09-03,2020-09-04,2
NS,N002,2020-09-24,2020-09-24,1
NS,N002,2020-10-21,2020-10-22,2
NS,N002,2020-11-20,2020-11-21,2
NS,N002,2020-12-04,2020-12-06,3
NS,N002,2022-09-01,2022-11-02,63
NS,N002,2023-12-14,2026-07-16,946
NS,N003,2017-01-02,2017-11-27,330
NS,N003,2018-02-15,2018-04-22,67
NS,N003,2018-07-09,2018-07-19,11
NS,N003,2018-07-27,2018-07-30,4
NS,N003,2018-09-16,2018-10-09,24
NS,N003,2018-11-04,2018-11-04,1
NS,N003,2018-11-13,2018-12-02,20
NS,N003,2019-06-17,2019-06-17,1
NS,N003,2019-07-02,2019-07-02,1
NS,N003,2019-07-14,2019-07-15,2
NS,N003,2019-11-29,2019-12-05,7
NS,N003,2019-12-07,2020-01-20,45
NS,N003,2020-01-23,2020-03-26,64
NS,N004,2017-01-01,2017-11-29,333
NS,N004,2018-02-15,2018-04-22,67
NS,N004,2018-05-15,2018-05-31,17
NS,N004,2018-06-11,2018-06-25,15
NS,N004,2018-11-04,2018-11-04,1
NS,N004,2018-11-13,2018-12-02,20
NS,N004,2019-12-07,2020-04-30,146
NS,N004,2020-06-01,2020-08-14,75
NS,N004,2020-09-03,2020-09-04,2
NS,N004,2020-09-24,2020-09-24,1
NS,N004,2020-10-21,2020-10-22,2
NS,N004,2020-11-20,2020-11-21,2
NS,N004,2020-12-04,2020-12-06,3
NS,N004,2022-09-01,2022-10-31,61
NS,N004,2023-12-14,2026-07-16,946
NS,N005,2017-01-01,2017-11-27,331
NS,N005,2018-02-05,2018-05-15,100
NS,N005,2018-07-07,2018-07-19,13
NS,N005,2018-09-16,2018-10-09,24
NS,N005,2018-11-04,2018-11-04,1
NS,N005,2018-11-13,2018-12-02,20
NS,N005,2018-12-28,2018-12-31,4
NS,N005,2019-08-30,2019-09-03,5
NS,N005,2019-09-13,2019-09-15,3
NS,N005,2019-12-02,2019-12-04,3
NS,N005,2019-12-06,2020-04-30,147
NS,N005,2020-06-01,2020-09-04,96
NS,N005,2020-09-06,2020-10-21,46
NS,N005,2020-11-20,2021-01-18,60
NS,N005,2021-01-24,2021-02-03,11
NS,N005,2021-02-09,2021-03-02,22
NS,N005,2021-03-07,2021-04-18,43
NS,N005,2021-05-07,2021-06-03,28
NS,N005,2021-06-07,2021-06-10,4
NS,N005,2021-07-01,2021-07-19,19
NS,N005,2021-07-31,2021-08-29,30
NS,N005,2021-09-10,2021-11-09,61
NS,N005,2021-11-20,2021-11-23,4
NS,N005,2021-12-01,2021-12-02,2
NS,N005,2022-01-01,2022-04-26,116
NS,N005,2022-06-12,2022-06-12,1
NS,N005,2022-06-23,2022-06-23,1
NS,N005,2022-07-19,2022-07-19,1
NS,N005,2022-07-21,2022-08-03,14
NS,N005,2022-09-01,2022-11-02,63
NS,N005,2023-12-14,2026-07-16,946
NS,N006,2017-01-01,2017-11-27,331
NS,N006,2018-01-19,2018-05-15,117
NS,N006,2018-11-04,2018-11-04,1
NS,N006,2019-12-07,2020-04-30,146
NS,N006,2020-06-01,2020-08-14,75
NS,N006,2020-09-03,2020-09-04,2
NS,N006,2020-09-24,2020-09-24,1
NS,N006,2020-10-21,2020-10-22,2
NS,N006,2020-11-20,2020-11-21,2
NS,N006,2020-12-04,2020-12-06,3
NS,N006,2021-01-23,2021-02-02,11
NS,N006,2021-02-17,2021-03-02,14
NS,N006,2022-10-26,2022-11-02,8
NS,N006,2023-12-14,2026-07-16,946
NS,N007,2017-01-01,2017-11-27,331
NS,N007,2018-01-19,2018-05-16,118
NS,N007,2018-07-10,2018-07-19,10
NS,N007,2018-09-16,2018-10-09,24
NS,N007,2018-11-04,2018-11-04,1
NS,N007,2018-11-13,2018-12-02,20
NS,N007,2018-12-07,2018-12-10,4
NS,N007,2019-12-02,2019-12-05,4
NS,N007,2019-12-07,2020-04-30,146
NS,N007,2020-06-01,2020-09-04,96
NS,N007,2020-09-24,2020-09-24,1
NS,N007,2020-10-21,2020-10-21,1
NS,N007,2020-11-20,2020-11-21,2
NS,N007,2020-12-04,2020-12-06,3
NS,N007,2021-01-25,2021-02-03,10
NS,N007,2021-09-04,2021-11-09,67
NS,N007,2022-10-26,2022-11-02,8
NS,N007,2023-12-14,2026-07-16,946
NS,N008,2017-01-01,2019-01-16,746
NS,N008,2019-05-19,2019-05-28,10
NS,N008,2020-09-03,2020-09-04,2
NS,N008,2020-10-21,2020-10-22,2
NS,N008,2020-11-20,2020-11-21,2
NS,N008,2020-12-04,2020-12-06,3
NS,N008,2023-12-14,2026-07-16,946
NS,N009,2017-01-01,2019-01-27,757
NS,N009,2020-09-03,2020-09-04,2
NS,N009,2020-09-24,2020-09-24,1
NS,N009,2020-10-21,2020-10-21,1
NS,N009,2020-11-20,2020-11-21,2
NS,N009,2020-12-04,2020-12-06,3
NS,N009,2023-12-14,2026-07-16,946
NS,N010,2017-01-01,2019-01-29,759
NS,N010,2019-10-04,2019-10-07,4
NS,N010,2019-10-09,2019-10-10,2
NS,N010,2020-09-03,2020-09-04,2
NS,N010,2020-10-21,2020-10-22,2
NS,N010,2020-11-20,2020-11-21,2
NS,N010,2020-12-04,2020-12-06,3
NS,N010,2022-09-06,2022-09-14,9
NS,N011,2017-01-01,2019-01-28,758
NS,N011,2020-09-03,2020-09-04,2
NS,N011,2020-09-24,2020-09-24,1
NS,N011,2020-10-21,2020-10-21,1
NS,N011,2020-11-20,2020-11-21,2
NS,N011,2020-12-04,2020-12-06,3
NS,N011,2022-09-01,2026-07-16,1415
NS,N012,2017-01-01,2019-01-28,758
NS,N012,2019-11-01,2019-11-02,2
NS,N012,2019-11-05,2019-11-05,1
NS,N012,2019-11-07,2019-11-12,6
NS,N012,2020-09-03,2020-09-04,2
NS,N012,2020-09-24,2020-09-24,1
NS,N012,2020-10-21,2020-10-22,2
NS,N012,2020-11-20,2020-11-21,2
NS,N012,2020-12-04,2020-12-06,3
NS,N013,2017-01-01,2019-01-23,753
NS,N013,2020-01-27,2020-01-27,1
NS,N013,2020-09-03,2020-09-04,2
NS,N013,2020-10-21,2020-10-21,1
NS,N013,2020-11-20,2020-11-21,2
NS,N013,2020-12-04,2020-12-06,3
NS,N013,2022-10-03,2022-10-03,1
NS,N013,2023-12-14,2026-07-16,946
NS,N014,2017-01-01,2019-01-23,753
NS,N014,2020-09-03,2020-09-04,2
NS,N014,2020-09-24,2020-09-24,1
NS,N014,2020-10-21,2020-10-22,2
NS,N014,2020-11-20,2020-11-21,2
NS,N014,2020-12-04,2020-12-06,3
NS,N014,2022-09-01,2026-07-16,1415
NS,N015,2017-01-01,2019-02-16,777
NS,N015,2020-09-03,2020-09-04,2
NS,N015,2020-09-24,2020-09-24,1
NS,N015,2020-10-21,2020-10-21,1
NS,N015,2020-11-20,2020-11-21,2
NS,N015,2020-12-04,2020-12-06,3
NS,N015,2022-09-01,2026-07-16,1415
NS,N016,2017-01-01,2019-01-26,756
NS,N016,2019-04-30,2019-05-01,2
NS,N016,2019-05-28,2019-05-28,1
NS,N016,2020-09-03,2020-09-04,2
NS,N016,2020-10-21,2020-10-21,1
NS,N016,2020-11-20,2020-11-21,2
NS,N016,2020-12-04,2020-12-06,3
NS,N016,2023-12-14,2026-07-16,946
NS,N017,2017-01-01,2019-02-16,777
NS,N017,2019-12-01,2019-12-01,1
NS,N017,2020-01-27,2020-01-27,1
NS,N017,2020-09-03,2020-09-04,2
NS,N017,2020-10-21,2020-10-21,1
NS,N017,2020-11-20,2020-11-21,2
NS,N017,2020-12-04,2020-12-06,3
NS,N017,2023-01-14,2023-01-14,1
NS,N017,2023-12-14,2026-07-16,946
NS,N018,2017-01-01,2019-01-26,756
NS,N018,2020-09-03,2020-09-04,2
NS,N018,2020-09-24,2020-09-24,1
NS,N018,2020-10-21,2020-10-21,1
NS,N018,2020-11-20,2020-11-21,2
NS,N018,2020-12-04,2020-12-06,3
NS,N018,2023-12-14,2026-07-16,946
NS,N019,2017-01-01,2019-01-24,754
NS,N019,2020-09-03,2020-09-04,2
NS,N019,2020-09-24,2020-09-24,1
NS,N019,2020-10-21,2020-10-21,1
NS,N019,2020-11-20,2020-11-21,2
NS,N019,2020-12-04,2020-12-06,3
NS,N019,2022-08-31,2026-07-16,1416
NS,N020,2017-01-01,2019-01-24,754
NS,N020,2019-10-06,2019-10-06,1
NS,N020,2019-12-04,2019-12-11,8
NS,N020,2019-12-30,2019-12-30,1
NS,N020,2020-09-03,2020-09-04,2
NS,N020,2020-10-21,2020-10-21,1
NS,N020,2020-11-20,2020-11-21,2
NS,N020,2020-12-04,2020-12-06,3
NS,N020,2023-12-14,2026-07-16,946
NS,N021,2017-01-01,2019-01-26,756
NS,N021,2019-03-25,2019-03-30,6
NS,N021,2019-04-01,2019-04-30,30
NS,N021,2020-09-03,2020-09-04,2
NS,N021,2020-09-24,2020-09-24,1
NS,N021,2020-10-21,2020-10-21,1
NS,N021,2020-11-20,2020-11-21,2
NS,N021,2020-12-04,2020-12-06,3
NS,N021,2023-12-14,2026-07-16,946
NS,N022,2017-01-01,2019-01-29,759
NS,N022,2020-09-03,2020-09-04,2
NS,N022,2020-09-24,2020-09-24,1
NS,N022,2020-10-21,2020-10-21,1
NS,N022,2020-11-20,2020-11-21,2
NS,N022,2020-12-04,2020-12-06,3
NS,N022,2023-12-14,2026-07-16,946
NS,N023,2017-01-01,2019-01-29,759
NS,N023,2019-08-17,2019-08-19,3
NS,N023,2019-08-21,2019-08-21,1
NS,N023,2019-09-27,2019-09-30,4
NS,N024,2017-01-01,2019-01-27,757
NS,N024,2020-09-03,2020-09-04,2
NS,N024,2020-09-24,2020-09-24,1
NS,N024,2020-10-21,2020-10-22,2
NS,N024,2020-11-20,2020-11-21,2
NS,N024,2020-12-04,2020-12-06,3
NS,N024,2023-12-14,2026-07-16,946
NS,N025,2017-01-01,2019-01-29,759
NS,N025,2019-09-09,2019-09-09,1
NS,N025,2020-05-20,2020-05-20,1
NS,N025,2020-09-03,2020-09-04,2
NS,N025,2020-09-24,2020-09-24,1
NS,N025,2020-10-21,2020-10-21,1
NS,N025,2020-11-20,2020-11-21,2
NS,N025,2020-12-04,2020-12-06,3
NS,N025,2022-09-01,2026-07-16,1415
NS,N026,2017-01-01,2019-01-28,758
NS,N026,2020-01-27,2020-01-27,1
NS,N026,2020-02-01,2020-03-25,54
NS,N027,2017-01-01,2019-01-24,754
NS,N027,2019-02-08,2019-02-18,11
NS,N027,2019-03-05,2019-03-14,10
NS,N027,2020-09-03,2020-09-04,2
NS,N027,2020-09-24,2020-09-24,1
NS,N027,2020-10-21,2020-10-21,1
NS,N027,2020-11-20,2020-11-21,2
NS,N027,2020-12-04,2020-12-06,3
NS,N027,2023-12-14,2026-07-16,946
NS,N028,2017-01-01,2019-01-23,753
NS,N028,2020-07-01,2020-07-01,1
NS,N028,2020-09-03,2020-09-04,2
NS,N028,2020-09-24,2020-09-24,1
NS,N028,2020-10-21,2020-10-22,2
NS,N028,2020-11-20,2020-11-21,2
NS,N028,2020-12-04,2020-12-06,3
NS,N028,2022-08-31,2026-07-16,1416
NS,N029,2017-01-01,2019-01-18,748
NS,N029,2019-01-20,2019-01-25,6
NS,N029,2020-09-03,2020-09-04,2
NS,N029,2020-09-24,2020-09-24,1
NS,N029,2020-10-21,2020-10-21,1
NS,N029,2020-11-20,2020-11-21,2
NS,N029,2020-12-04,2020-12-06,3
NS,N029,2023-12-14,2026-07-16,946
NS,N030,2017-01-01,2019-01-26,756
NS,N030,2020-08-14,2020-08-14,1
NS,N030,2020-09-03,2020-09-04,2
NS,N030,2020-09-24,2020-09-24,1
NS,N030,2020-10-21,2020-10-22,2
NS,N030,2020-11-20,2020-11-21,2
NS,N030,2020-12-04,2020-12-06,3
NS,N030,2022-08-31,2026-07-16,1416
NS,N031,2017-01-01,2019-01-27,757
NS,N031,2020-09-03,2020-09-04,2
NS,N031,2020-09-24,2020-09-24,1
NS,N031,2020-10-21,2020-10-21,1
NS,N031,2020-11-20,2020-11-21,2
NS,N031,2020-12-04,2020-12-06,3
NS,N032,2017-01-01,2019-01-27,757
NS,N032,2019-01-29,2019-01-29,1
NS,N032,2019-03-01,2019-03-04,4
NS,N032,2019-03-06,2019-03-15,10
NS,N032,2019-12-18,2019-12-25,8
NS,N032,2020-09-03,2020-09-04,2
NS,N032,2020-09-24,2020-09-24,1
NS,N032,2020-10-21,2020-10-21,1
NS,N032,2020-11-20,2020-11-21,2
NS,N032,2020-12-04,2020-12-06,3
NS,N032,2022-01-16,2022-01-16,1
NS,N032,2022-02-02,2022-02-02,1
NS,N032,2023-12-14,2026-07-16,946
NS,N033,2017-01-01,2019-01-25,755
NS,N033,2019-07-27,2019-08-08,13
NS,N033,2019-10-02,2019-10-20,19
NS,N033,2019-10-24,2019-11-14,22
NS,N033,2019-11-19,2019-12-05,17
NS,N033,2019-12-10,2019-12-15,6
NS,N033,2020-01-18,2020-01-28,11
NS,N033,2020-05-18,2020-05-20,3
NS,N033,2020-09-03,2020-09-04,2
NS,N033,2020-09-24,2020-09-24,1
NS,N033,2020-10-21,2020-10-21,1
NS,N033,2020-11-20,2020-11-21,2
NS,N033,2020-12-04,2020-12-06,3
NS,N033,2023-12-14,2026-07-16,946
NS,N034,2017-01-01,2019-01-25,755
NS,N034,2020-09-03,2020-09-04,2
NS,N034,2020-09-24,2020-09-24,1
NS,N034,2020-10-21,2020-10-21,1
NS,N034,2020-11-20,2020-11-21,2
NS,N034,2020-12-04,2020-12-06,3
NS,N034,2023-12-14,2026-07-16,946
NS,N035,2017-01-01,2019-01-25,755
NS,N035,2019-11-24,2019-12-03,10
NS,N035,2020-09-03,2020-09-04,2
NS,N035,2020-09-24,2020-09-24,1
NS,N035,2020-10-21,2020-10-21,1
NS,N035,2020-11-20,2020-11-21,2
NS,N035,2020-12-04,2020-12-06,3
NS,N035,2023-12-14,2026-07-16,946
NS,N036,2017-01-01,2019-01-25,755
NS,N036,2019-12-03,2019-12-16,14
NS,N036,2020-09-03,2020-09-04,2
NS,N036,2020-09-24,2020-09-24,1
NS,N036,2020-10-21,2020-10-21,1
NS,N036,2020-11-20,2020-11-21,2
NS,N036,2020-12-04,2020-12-06,3
NS,N036,2023-12-14,2026-07-16,946
NS,N037,2017-01-01,2019-01-31,761
NS,N037,2020-09-03,2020-09-04,2
NS,N037,2020-09-24,2020-09-24,1
NS,N037,2020-10-21,2020-10-21,1
NS,N037,2020-11-20,2020-11-21,2
NS,N037,2020-12-04,2020-12-06,3
NS,N037,2023-12-14,2026-07-16,946
NS,N038,2017-01-01,2019-01-29,759
NS,N038,2020-09-03,2020-09-04,2
NS,N038,2020-10-21,2020-10-21,1
NS,N038,2020-11-20,2020-11-21,2
NS,N038,2020-12-04,2020-12-06,3
NS,N038,2023-12-14,2026-07-16,946
NS,N039,2017-01-01,2019-01-28,758
NS,N039,2020-09-03,2020-09-04,2
NS,N039,2020-09-24,2020-09-24,1
NS,N039,2020-10-21,2020-10-21,1
NS,N039,2020-11-20,2020-11-21,2
NS,N039,2020-12-04,2020-12-06,3
NS,N039,2023-12-14,2026-07-16,946
NS,N040,2017-01-01,2019-01-27,757
NS,N040,2020-09-03,2020-09-04,2
NS,N040,2020-09-24,2020-09-24,1
NS,N040,2020-10-21,2020-10-21,1
NS,N040,2020-11-20,2020-11-21,2
NS,N040,2020-12-04,2020-12-06,3
NS,N040,2023-12-14,2026-07-16,946
NS,N041,2017-01-01,2019-01-25,755
NS,N041,2020-09-03,2020-09-04,2
NS,N041,2020-09-24,2020-09-24,1
NS,N041,2020-10-21,2020-10-21,1
NS,N041,2020-11-20,2020-11-21,2
NS,N041,2020-12-04,2020-12-06,3
NS,N041,2022-09-22,2026-07-16,1394
NS,N042,2017-01-01,2019-01-27,757
NS,N042,2019-06-11,2019-06-19,9
NS,N042,2020-09-03,2020-09-04,2
NS,N042,2020-09-24,2020-09-24,1
NS,N042,2020-10-21,2020-10-21,1
NS,N042,2020-11-20,2020-11-21,2
NS,N042,2020-12-04,2020-12-06,3
NS,N042,2023-12-14,2026-07-16,946
NS,N043,2017-01-01,2019-03-06,795
NS,N043,2020-09-03,2020-09-04,2
NS,N043,2020-09-24,2020-09-24,1
NS,N043,2020-10-21,2020-10-21,1
NS,N043,2020-11-20,2020-11-21,2
NS,N043,2020-12-04,2020-12-06,3
NS,N043,2022-09-23,2026-07-16,1393
NS,N044,2017-01-01,2019-02-28,789
NS,N044,2019-07-29,2019-07-29,1
NS,N044,2020-09-03,2020-09-04,2
NS,N044,2020-09-24,2020-09-24,1
NS,N044,2020-10-21,2020-10-21,1
NS,N044,2020-11-20,2020-11-21,2
NS,N044,2020-12-04,2020-12-06,3
NS,N044,2023-12-14,2026-07-16,946
NS,N045,2017-01-01,2019-03-07,796
NS,N045,2019-07-26,2019-07-26,1
NS,N045,2019-09-17,2019-09-18,2
NS,N045,2020-09-03,2020-09-04,2
NS,N045,2020-09-24,2020-09-24,1
NS,N045,2020-10-21,2020-10-21,1
NS,N045,2020-11-20,2020-11-21,2
NS,N045,2020-12-04,2020-12-06,3
NS,N045,2022-09-23,2026-07-16,1393
NS,N046,2017-01-01,2019-03-06,795
NS,N046,2019-07-08,2019-07-08,1
NS,N046,2020-09-03,2020-09-04,2
NS,N046,2020-09-24,2020-09-24,1
NS,N046,2020-10-21,2020-10-21,1
NS,N046,2020-11-20,2020-11-21,2
NS,N046,2020-12-04,2020-12-06,3
NS,N046,2023-12-14,2026-07-16,946
NS,N047,2017-01-01,2019-03-06,795
NS,N047,2020-09-03,2020-09-04,2
NS,N047,2020-09-24,2020-09-24,1
NS,N047,2020-10-21,2020-10-21,1
NS,N047,2020-11-20,2020-11-21,2
NS,N047,2020-12-04,2020-12-06,3
NS,N047,2023-12-14,2026-07-16,946
NS,N048,2017-01-01,2019-03-15,804
NS,N048,2020-09-03,2020-09-04,2
NS,N048,2020-09-24,2020-09-24,1
NS,N048,2020-10-21,2020-10-21,1
NS,N048,2020-11-20,2020-11-21,2
NS,N048,2020-12-04,2020-12-06,3
NS,N048,2023-12-14,2026-07-16,946
NS,N049,2017-01-01,2019-03-14,803
NS,N049,2020-09-03,2020-09-04,2
NS,N049,2020-09-24,2020-09-24,1
NS,N049,2020-10-21,2020-10-21,1
NS,N049,2020-11-20,2020-11-21,2
NS,N049,2020-12-04,2020-12-06,3
NS,N049,2022-03-12,2022-03-15,4
NS,N049,2022-09-06,2022-09-06,1
NS,N049,2023-05-29,2023-05-29,1
NS,N049,2023-12-14,2026-07-16,946
NS,N050,2017-01-01,2019-03-08,797
NS,N050,2020-09-03,2020-09-04,2
NS,N050,2020-09-24,2020-09-24,1
NS,N050,2020-10-21,2020-10-21,1
NS,N050,2020-11-20,2020-11-21,2
NS,N050,2020-12-04,2020-12-06,3
NS,N050,2022-08-08,2026-07-16,1439
NS,N051,2017-01-01,2019-03-08,797
NS,N051,2020-09-03,2020-09-04,2
NS,N051,2020-09-24,2020-09-24,1
NS,N051,2020-10-21,2020-10-21,1
NS,N051,2020-11-20,2020-11-21,2
NS,N051,2020-12-04,2020-12-06,3
NS,N051,2023-12-14,2026-07-16,946
NS,N052,2017-01-01,2019-02-23,784
NS,N052,2020-09-03,2020-09-04,2
NS,N052,2020-09-24,2020-09-24,1
NS,N052,2020-10-21,2020-10-21,1
NS,N052,2020-11-20,2020-11-21,2
NS,N052,2020-12-04,2020-12-06,3
NS,N052,2023-12-14,2026-07-16,946
NS,N053,2017-01-01,2019-03-28,817
NS,N053,2020-09-03,2020-09-04,2
NS,N053,2020-09-24,2020-09-24,1
NS,N053,2020-10-21,2020-10-21,1
NS,N053,2020-11-20,2020-11-21,2
NS,N053,2020-12-04,2020-12-06,3
NS,N053,2022-08-09,2026-07-16,1438
NS,N054,2017-01-01,2019-03-10,799
NS,N054,2020-09-03,2020-09-04,2
NS,N054,2020-09-24,2020-09-24,1
NS,N054,2020-10-21,2020-10-21,1
NS,N054,2020-11-20,2020-11-21,2
NS,N054,2020-12-04,2020-12-06,3
NS,N054,2023-12-14,2026-07-16,946
NS,N055,2017-01-01,2019-03-10,799
NS,N055,2020-09-03,2020-09-04,2
NS,N055,2020-09-24,2020-09-24,1
NS,N055,2020-10-21,2020-10-21,1
NS,N055,2020-11-20,2020-11-21,2
NS,N055,2020-12-04,2020-12-06,3
NS,N055,2023-12-14,2026-07-16,946
NS,N056,2017-01-01,2019-03-08,797
NS,N056,2019-09-08,2019-09-09,2
NS,N056,2020-09-03,2020-09-04,2
NS,N056,2020-09-24,2020-09-24,1
NS,N056,2020-10-21,2020-10-21,1
NS,N056,2020-11-20,2020-11-21,2
NS,N056,2020-12-04,2020-12-06,3
NS,N056,2022-08-09,2026-07-16,1438
NS,N057,2017-01-01,2019-03-10,799
NS,N057,2020-09-03,2020-09-04,2
NS,N057,2020-09-24,2020-09-24,1
NS,N057,2020-10-21,2020-10-21,1
NS,N057,2020-11-20,2020-11-21,2
NS,N057,2020-12-04,2020-12-06,3
NS,N057,2022-08-08,2026-07-16,1439
NS,N058,2017-01-01,2019-03-08,797
NS,N058,2020-09-03,2020-09-04,2
NS,N058,2020-09-24,2020-09-24,1
NS,N058,2020-10-21,2020-10-21,1
NS,N058,2020-11-20,2020-11-21,2
NS,N058,2020-12-04,2020-12-06,3
NS,N058,2022-08-09,2026-07-16,1438
NS,N059,2017-01-01,2019-03-13,802
NS,N059,2019-12-17,2019-12-31,15
NS,N059,2020-01-27,2020-01-27,1
NS,N059,2020-09-03,2020-09-04,2
NS,N059,2020-09-24,2020-09-24,1
NS,N059,2020-10-21,2020-10-21,1
NS,N059,2020-11-20,2020-11-21,2
NS,N059,2020-12-04,2020-12-06,3
NS,N059,2023-12-14,2026-07-16,946
NS,N060,2017-01-01,2019-02-28,789
NS,N060,2019-09-13,2019-09-13,1
NS,N060,2020-09-03,2020-09-04,2
NS,N060,2020-09-24,2020-09-24,1
NS,N060,2020-10-21,2020-10-21,1
NS,N060,2020-11-20,2020-11-21,2
NS,N060,2020-12-04,2020-12-06,3
NS,N060,2023-12-14,2026-07-16,946
NS,N061,2017-01-01,2019-02-28,789
NS,N061,2020-09-03,2020-09-04,2
NS,N061,2020-09-24,2020-09-24,1
NS,N061,2020-10-21,2020-10-21,1
NS,N061,2020-11-20,2020-11-21,2
NS,N061,2020-12-04,2020-12-06,3
NS,N061,2023-12-14,2026-07-16,946
NS,N062,2017-01-01,2019-02-28,789
NS,N062,2019-07-21,2019-07-21,1
NS,N062,2020-09-03,2020-09-04,2
NS,N062,2020-09-24,2020-09-24,1
NS,N062,2020-10-21,2020-10-21,1
NS,N062,2020-11-20,2020-11-21,2
NS,N062,2020-12-04,2020-12-06,3
NS,N062,2023-12-14,2026-07-16,946
NS,N063,2017-01-01,2019-02-25,786
NS,N063,2020-09-03,2020-09-04,2
NS,N063,2020-09-24,2020-09-24,1
NS,N063,2020-10-21,2020-10-21,1
NS,N063,2020-11-20,2020-11-21,2
NS,N063,2020-12-04,2020-12-06,3
NS,N063,2022-08-31,2026-07-16,1416
NS,N064,2017-01-01,2019-03-15,804
NS,N064,2019-05-11,2019-07-24,75
NS,N064,2020-09-03,2020-09-04,2
NS,N064,2020-09-24,2020-09-24,1
NS,N064,2020-10-21,2020-10-21,1
NS,N064,2020-11-20,2020-11-21,2
NS,N064,2020-12-04,2020-12-06,3
NS,N064,2023-12-14,2026-07-16,946
NS,N065,2017-01-01,2019-03-01,790
NS,N065,2019-03-17,2019-03-17,1
NS,N065,2019-03-19,2019-03-20,2
NS,N065,2019-03-22,2019-03-22,1
NS,N065,2019-03-24,2019-03-24,1
NS,N065,2019-03-26,2019-03-26,1
NS,N065,2019-03-28,2019-03-28,1
NS,N065,2020-06-09,2020-06-09,1
NS,N065,2020-09-03,2020-09-04,2
NS,N065,2020-09-24,2020-09-24,1
NS,N065,2020-10-21,2020-10-21,1
NS,N065,2020-11-20,2020-11-21,2
NS,N065,2020-12-04,2020-12-06,3
NS,N065,2023-12-14,2026-07-16,946
NS,N066,2017-01-01,2019-03-13,802
NS,N066,2020-09-03,2020-09-04,2
NS,N066,2020-10-21,2020-10-22,2
NS,N066,2020-11-20,2020-11-21,2
NS,N066,2020-12-04,2020-12-06,3
NS,N066,2023-12-14,2026-07-16,946
NS,N067,2017-01-01,2019-03-13,802
NS,N067,2019-04-03,2019-04-04,2
NS,N067,2020-09-03,2020-09-04,2
NS,N067,2020-10-21,2020-10-21,1
NS,N067,2020-11-20,2020-11-21,2
NS,N067,2020-12-04,2020-12-06,3
NS,N067,2023-12-14,2026-07-16,946
NS,N068,2017-01-01,2019-03-14,803
NS,N068,2019-05-26,2019-05-28,3
NS,N068,2020-09-03,2020-09-04,2
NS,N068,2020-09-24,2020-09-24,1
NS,N068,2020-10-21,2020-10-21,1
NS,N068,2020-11-20,2020-11-21,2
NS,N068,2020-12-04,2020-12-06,3
NS,N068,2023-12-14,2026-07-16,946
NS,N069,2017-01-01,2019-02-25,786
NS,N069,2020-09-03,2020-09-04,2
NS,N069,2020-10-21,2020-10-21,1
NS,N069,2020-11-20,2020-11-21,2
NS,N069,2020-12-04,2020-12-06,3
NS,N069,2023-12-14,2026-07-16,946
NS,N070,2017-01-01,2019-03-12,801
NS,N070,2019-07-20,2019-07-20,1
NS,N070,2019-07-22,2019-07-22,1
NS,N070,2020-09-03,2020-09-04,2
NS,N070,2020-09-24,2020-09-24,1
NS,N070,2020-10-21,2020-10-21,1
NS,N070,2020-11-20,2020-11-21,2
NS,N070,2020-12-04,2020-12-06,3
NS,N070,2023-12-14,2026-07-16,946
NS,N071,2017-01-01,2019-02-28,789
NS,N071,2020-09-03,2020-09-04,2
NS,N071,2020-09-24,2020-09-24,1
NS,N071,2020-10-21,2020-10-21,1
NS,N071,2020-11-20,2020-11-21,2
NS,N071,2020-12-04,2020-12-06,3
NS,N071,2022-09-06,2022-09-10,5
NS,N071,2023-12-14,2026-07-16,946
NS,N072,2017-01-01,2019-02-27,788
NS,N072,2020-09-03,2020-09-04,2
NS,N072,2020-09-24,2020-09-24,1
NS,N072,2020-10-21,2020-10-21,1
NS,N072,2020-11-20,2020-11-21,2
NS,N072,2020-12-04,2020-12-06,3
NS,N072,2023-12-14,2026-07-16,946
NS,N073,2017-01-01,2019-02-27,788
NS,N073,2019-03-02,2019-03-12,11
NS,N073,2019-09-04,2019-09-04,1
NS,N073,2019-09-26,2019-09-26,1
NS,N073,2019-12-23,2019-12-26,4
NS,N073,2020-09-03,2020-09-04,2
NS,N073,2020-09-24,2020-09-24,1
NS,N073,2020-10-21,2020-10-21,1
NS,N073,2020-11-20,2020-11-21,2
NS,N073,2020-12-04,2020-12-06,3
NS,N073,2022-09-07,2022-09-15,9
NS,N073,2022-10-13,2026-07-16,1373
NS,N074,2017-01-01,2019-03-12,801
NS,N074,2019-04-20,2019-04-23,4
NS,N074,2020-09-03,2020-09-04,2
NS,N074,2020-10-21,2020-10-21,1
NS,N074,2020-11-20,2020-11-21,2
NS,N074,2020-12-04,2020-12-06,3
NS,N074,2022-09-06,2026-07-16,1410
NS,N075,2017-01-01,2019-03-15,804
NS,N075,2020-09-03,2020-09-04,2
NS,N075,2020-10-21,2020-10-21,1
NS,N075,2020-11-20,2020-11-21,2
NS,N075,2020-12-04,2020-12-06,3
NS,N075,2023-10-08,2023-10-10,3
NS,N075,2023-12-14,2026-07-16,946
NS,N076,2017-01-01,2019-02-12,773
NS,N076,2019-02-14,2019-02-27,14
NS,N076,2020-01-01,2020-01-21,21
NS,N076,2020-09-03,2020-09-04,2
NS,N076,2020-09-24,2020-09-24,1
NS,N076,2020-10-21,2020-10-21,1
NS,N076,2020-11-20,2020-11-21,2
NS,N076,2020-12-04,2020-12-06,3
NS,N077,2017-01-01,2019-02-27,788
NS,N077,2020-09-03,2020-09-04,2
NS,N077,2020-10-21,2020-10-21,1
NS,N077,2020-11-20,2020-11-21,2
NS,N077,2020-12-04,2020-12-06,3
NS,N077,2022-09-19,2026-07-16,1397
NS,N078,2017-01-01,2019-02-21,782
NS,N078,2019-09-08,2019-09-09,2
NS,N078,2020-09-03,2020-09-04,2
NS,N078,2020-09-24,2020-09-24,1
NS,N078,2020-10-21,2020-10-21,1
NS,N078,2020-11-20,2020-11-21,2
NS,N078,2020-12-04,2020-12-06,3
NS,N078,2022-08-29,2026-07-16,1418
NS,N079,2017-01-01,2019-02-21,782
NS,N079,2019-04-21,2019-04-23,3
NS,N079,2019-06-24,2019-07-01,8
NS,N079,2020-09-03,2020-09-04,2
NS,N079,2020-09-24,2020-09-24,1
NS,N079,2020-10-21,2020-10-21,1
NS,N079,2020-11-20,2020-11-21,2
NS,N079,2020-12-04,2020-12-06,3
NS,N079,2023-12-14,2026-07-16,946
NS,N080,2017-01-01,2019-02-28,789
NS,N080,2020-09-03,2020-09-04,2
NS,N080,2020-09-24,2020-09-24,1
NS,N080,2020-10-21,2020-10-21,1
NS,N080,2020-11-20,2020-11-21,2
NS,N080,2020-12-04,2020-12-06,3
NS,N080,2023-12-14,2026-07-16,946
NS,N081,2017-01-01,2019-02-24,785
NS,N081,2019-12-01,2019-12-10,10
NS,N081,2019-12-28,2019-12-30,3
NS,N081,2020-09-03,2020-09-04,2
NS,N081,2020-09-24,2020-09-24,1
NS,N081,2020-10-21,2020-10-21,1
NS,N081,2020-11-20,2020-11-21,2
NS,N081,2020-12-04,2020-12-06,3
NS,N081,2023-12-14,2026-07-16,946
NS,N082,2017-01-01,2019-03-12,801
NS,N082,2019-08-24,2019-08-26,3
NS,N082,2019-11-06,2020-01-14,70
NS,N082,2020-09-03,2020-09-04,2
NS,N082,2020-09-24,2020-09-24,1
NS,N082,2020-10-21,2020-10-21,1
NS,N082,2020-11-20,2020-11-21,2
NS,N082,2020-12-04,2020-12-06,3
NS,N082,2023-12-14,2026-07-16,946
NS,N083,2017-01-01,2019-02-28,789
NS,N083,2020-09-03,2020-09-04,2
NS,N083,2020-09-13,2020-09-13,1
NS,N083,2020-10-21,2020-10-21,1
NS,N083,2020-11-20,2020-11-21,2
NS,N083,2020-12-04,2020-12-06,3
NS,N083,2023-12-14,2026-07-16,946
NS,N084,2017-01-01,2019-02-28,789
NS,N084,2020-01-08,2020-01-09,2
NS,N084,2020-09-03,2020-09-04,2
NS,N084,2020-09-24,2020-09-24,1
NS,N084,2020-10-21,2020-10-21,1
NS,N084,2020-11-20,2020-11-21,2
NS,N084,2020-12-04,2020-12-06,3
NS,N084,2022-08-16,2026-07-16,1431
NS,N085,2017-01-01,2019-03-11,800
NS,N085,2019-05-01,2020-01-14,259
NS,N085,2020-09-03,2020-09-04,2
NS,N085,2020-09-24,2020-09-24,1
NS,N085,2020-10-21,2020-10-21,1
NS,N085,2020-11-20,2020-11-21,2
NS,N085,2020-12-04,2020-12-06,3
NS,N086,2017-01-01,2019-03-11,800
NS,N086,2019-12-30,2020-01-09,11
NS,N086,2020-09-03,2020-09-04,2
NS,N086,2020-09-24,2020-09-24,1
NS,N086,2020-10-21,2020-10-21,1
NS,N086,2020-11-20,2020-11-21,2
NS,N086,2020-12-04,2020-12-06,3
NS,N086,2022-08-31,2026-07-16,1416
NS,N087,2017-01-01,2019-02-28,789
NS,N087,2020-09-03,2020-09-04,2
NS,N087,2020-09-24,2020-09-24,1
NS,N087,2020-10-21,2020-10-21,1
NS,N087,2020-11-20,2020-11-21,2
NS,N087,2020-12-04,2020-12-06,3
NS,N087,2023-09-17,2023-09-17,1
NS,N087,2023-12-14,2026-07-16,946
NS,N088,2017-01-01,2019-03-11,800
NS,N088,2019-07-11,2019-07-11,1
NS,N088,2019-07-13,2019-07-14,2
NS,N088,2019-09-13,2019-09-18,6
NS,N088,2020-09-03,2020-09-04,2
NS,N088,2020-09-24,2020-09-24,1
NS,N088,2020-10-21,2020-10-21,1
NS,N088,2020-11-20,2020-11-21,2
NS,N088,2020-12-04,2020-12-06,3
NS,N088,2022-08-31,2026-07-16,1416
NS,N089,2017-01-01,2019-03-12,801
NS,N089,2020-09-03,2020-09-04,2
NS,N089,2020-09-24,2020-09-24,1
NS,N089,2020-10-21,2020-10-21,1
NS,N089,2020-11-20,2020-11-21,2
NS,N089,2020-12-04,2020-12-06,3
NS,N089,2022-09-07,2022-09-15,9
NS,N089,2022-10-13,2026-07-16,1373
NS,N090,2017-01-01,2019-02-27,788
NS,N090,2019-10-02,2019-10-02,1
NS,N090,2019-10-09,2019-10-10,2
NS,N090,2020-01-27,2020-01-27,1
NS,N090,2020-09-03,2020-09-04,2
NS,N090,2020-10-21,2020-10-21,1
NS,N090,2020-11-20,2020-11-21,2
NS,N090,2020-12-04,2020-12-06,3
NS,N091,2017-01-01,2019-02-27,788
NS,N091,2019-09-13,2019-09-18,6
NS,N091,2020-09-03,2020-09-04,2
NS,N091,2020-10-21,2020-10-21,1
NS,N091,2020-11-20,2020-11-21,2
NS,N091,2020-12-04,2020-12-06,3
NS,N091,2021-08-15,2021-08-15,1
NS,N091,2023-12-14,2026-07-16,946
NS,N092,2017-01-01,2019-02-27,788
NS,N092,2020-09-03,2020-09-04,2
NS,N092,2020-09-24,2020-09-24,1
NS,N092,2020-10-21,2020-10-21,1
NS,N092,2020-11-20,2020-11-21,2
NS,N092,2020-12-04,2020-12-06,3
NS,N092,2022-09-23,2026-07-16,1393
NS,N093,2017-01-01,2019-03-11,800
NS,N093,2020-09-03,2020-09-04,2
NS,N093,2020-10-21,2020-10-21,1
NS,N093,2020-11-20,2020-11-21,2
NS,N093,2020-12-04,2020-12-06,3
NS,N093,2023-12-14,2026-07-16,946
NS,N094,2017-01-01,2019-03-14,803
NS,N094,2019-08-24,2019-08-26,3
NS,N094,2020-09-03,2020-09-04,2
NS,N094,2020-10-21,2020-10-21,1
NS,N094,2020-11-20,2020-11-21,2
NS,N094,2020-12-04,2020-12-06,3
NS,N094,2022-09-07,2022-09-15,9
NS,N094,2022-10-13,2026-07-16,1373
NS,N095,2017-01-01,2019-02-25,786
NS,N095,2020-09-03,2020-09-04,2
NS,N095,2020-09-24,2020-09-24,1
NS,N095,2020-10-21,2020-10-21,1
NS,N095,2020-11-20,2020-11-21,2
NS,N095,2020-12-04,2020-12-06,3
NS,N095,2023-12-14,2026-07-16,946
NS,N096,2017-01-01,2019-02-26,787
NS,N096,2019-07-22,2019-07-22,1
NS,N096,2020-09-03,2020-09-04,2
NS,N096,2020-09-24,2020-09-24,1
NS,N096,2020-10-21,2020-10-21,1
NS,N096,2020-11-20,2020-11-21,2
NS,N096,2020-12-04,2020-12-06,3
NS,N096,2023-12-14,2026-07-16,946
NS,N097,2017-01-01,2019-03-16,805
NS,N097,2020-09-03,2020-09-04,2
NS,N097,2020-09-24,2020-09-24,1
NS,N097,2020-10-21,2020-10-21,1
NS,N097,2020-11-20,2020-11-21,2
NS,N097,2020-12-04,2020-12-06,3
NS,N097,2022-09-07,2022-09-12,6
NS,N097,2022-09-17,2022-09-26,10
NS,N097,2022-10-13,2026-07-16,1373
NS,N098,2017-01-01,2019-03-16,805
NS,N098,2020-09-03,2020-09-04,2
NS,N098,2020-10-21,2020-10-21,1
NS,N098,2020-11-20,2020-11-21,2
NS,N098,2020-12-04,2020-12-06,3
NS,N098,2023-12-14,2026-07-16,946
NS,N099,2017-01-01,2019-02-27,788
NS,N099,2020-09-03,2020-09-04,2
NS,N099,2020-09-24,2020-09-24,1
NS,N099,2020-10-21,2020-10-21,1
NS,N099,2020-11-20,2020-11-21,2
NS,N099,2020-12-04,2020-12-06,3
NS,N099,2023-12-14,2026-07-16,946
NS,N100,2017-01-01,2019-03-13,802
NS,N100,2019-08-01,2019-12-31,153
NS,N100,2020-09-03,2020-09-04,2
NS,N100,2020-09-24,2020-09-24,1
NS,N100,2020-10-21,2020-10-21,1
NS,N100,2020-11-20,2020-11-21,2
NS,N100,2020-12-04,2020-12-06,3
NS,N100,2023-12-14,2026-07-16,946
NS,N101,2017-01-01,2019-03-13,802
NS,N101,2020-09-03,2020-09-04,2
NS,N101,2020-11-22,2020-11-23,2
NS,N101,2020-12-03,2020-12-06,4
NS,N101,2022-08-29,2026-07-16,1418
NS,N102,2017-01-01,2019-03-15,804
NS,N102,2020-09-03,2020-09-04,2
NS,N102,2020-12-03,2020-12-06,4
NS,N102,2023-12-14,2026-07-16,946
NS,N103,2017-01-01,2019-03-15,804
NS,N104,2017-01-01,2019-11-13,1047
NS,N105,2017-01-01,2019-03-14,803
NS,N105,2019-05-07,2019-05-08,2
NS,N105,2020-09-03,2020-09-04,2
NS,N105,2020-12-03,2020-12-06,4
NS,N105,2023-12-14,2026-07-16,946
NS,N106,2017-01-01,2019-02-25,786
NS,N106,2020-09-03,2020-09-04,2
NS,N106,2020-12-03,2020-12-06,4
NS,N106,2023-12-14,2026-07-16,946
NS,N107,2017-01-01,2019-02-25,786
NS,N107,2020-09-03,2020-09-04,2
NS,N107,2020-12-03,2020-12-06,4
NS,N107,2022-08-13,2022-08-17,5
NS,N107,2022-08-29,2026-07-16,1418
NS,N108,2017-01-01,2019-03-14,803
NS,N108,2019-04-30,2019-05-08,9
NS,N108,2019-08-27,2019-08-27,1
NS,N108,2019-08-29,2019-08-29,1
NS,N108,2019-09-01,2019-09-05,5
NS,N109,2017-01-01,2019-02-26,787
NS,N109,2020-09-03,2020-09-04,2
NS,N109,2020-12-03,2020-12-06,4
NS,N109,2021-08-08,2021-08-08,1
NS,N109,2023-12-14,2026-07-16,946
NS,N110,2017-01-01,2019-02-24,785
NS,N110,2020-09-03,2020-09-04,2
NS,N110,2020-12-03,2020-12-06,4
NS,N110,2022-08-19,2026-07-16,1428
NS,N111,2017-01-01,2019-03-08,797
NS,N111,2020-09-03,2020-09-04,2
NS,N111,2020-12-03,2020-12-06,4
NS,N111,2023-12-14,2026-07-16,946
NS,N112,2017-01-01,2019-02-24,785
NS,N112,2020-09-03,2020-09-04,2
NS,N112,2020-11-22,2020-11-24,3
NS,N112,2020-12-03,2020-12-06,4
NS,N112,2022-08-29,2026-07-16,1418
NS,N113,2017-01-01,2019-02-24,785
NS,N113,2019-11-14,2019-11-16,3
NS,N113,2019-11-19,2019-11-30,12
NS,N113,2019-12-03,2019-12-03,1
NS,N113,2020-09-03,2020-09-04,2
NS,N113,2020-12-03,2020-12-06,4
NS,N113,2022-08-29,2026-07-16,1418
NS,N114,2017-01-01,2019-03-07,796
NS,N114,2020-09-03,2020-09-04,2
NS,N114,2020-12-03,2020-12-06,4
NS,N114,2022-08-09,2026-07-16,1438
NS,N115,2017-01-01,2019-03-07,796
NS,N115,2019-11-10,2019-11-11,2
NS,N115,2019-11-26,2019-12-01,6
NS,N115,2019-12-04,2019-12-11,8
NS,N115,2019-12-25,2019-12-26,2
NS,N115,2020-01-06,2020-01-07,2
NS,N115,2020-02-13,2020-02-13,1
NS,N115,2020-09-03,2020-09-04,2
NS,N115,2020-12-03,2020-12-06,4
NS,N115,2020-12-09,2020-12-31,23
NS,N115,2023-12-14,2026-07-16,946
NS,N116,2017-01-01,2019-03-14,803
NS,N116,2020-02-01,2020-02-02,2
NS,N116,2020-09-03,2020-09-04,2
NS,N116,2020-11-22,2020-11-22,1
NS,N116,2020-12-03,2020-12-06,4
NS,N116,2023-12-14,2026-07-16,946
NS,N117,2017-01-01,2019-02-24,785
NS,N117,2020-09-03,2020-09-04,2
NS,N117,2020-12-03,2020-12-06,4
NS,N117,2023-12-14,2026-07-16,946
NS,N118,2017-01-01,2019-02-24,785
NS,N118,2020-09-03,2020-09-04,2
NS,N118,2020-12-03,2020-12-06,4
NS,N118,2023-12-14,2026-07-16,946
NS,N119,2017-01-01,2019-03-14,803
NS,N119,2020-09-03,2020-09-04,2
NS,N119,2020-12-03,2020-12-06,4
NS,N119,2023-12-14,2026-07-16,946
NS,N120,2017-01-01,2019-03-13,802
NS,N120,2020-09-03,2020-09-04,2
NS,N120,2020-12-03,2020-12-06,4
NS,N120,2023-12-14,2026-07-16,946
NS,N121,2017-01-01,2019-03-13,802
NS,N121,2020-09-03,2020-09-04,2
NS,N121,2020-12-03,2020-12-06,4
NS,N121,2023-12-14,2026-07-16,946
NS,N122,2017-01-01,2019-02-25,786
NS,N122,2020-09-03,2020-09-04,2
NS,N122,2020-12-03,2020-12-06,4
NS,N122,2023-12-14,2026-07-16,946
NS,N123,2017-01-01,2019-02-23,784
NS,N123,2019-03-02,2019-03-15,14
NS,N123,2019-03-17,2019-03-20,4
NS,N123,2019-10-09,2019-10-09,1
NS,N123,2019-10-29,2019-10-29,1
NS,N123,2019-10-31,2019-10-31,1
NS,N123,2019-11-30,2019-11-30,1
NS,N123,2019-12-15,2019-12-16,2
NS,N123,2020-01-07,2020-01-13,7
NS,N123,2020-09-03,2020-09-04,2
NS,N123,2020-12-03,2020-12-06,4
NS,N123,2020-12-26,2020-12-27,2
NS,N123,2021-09-18,2021-09-19,2
NS,N123,2021-11-07,2021-11-07,1
NS,N123,2022-08-14,2022-08-15,2
NS,N123,2022-08-28,2022-08-28,1
NS,N123,2022-09-10,2022-09-11,2
NS,N123,2022-09-20,2026-07-16,1396
NS,N124,2017-01-01,2019-03-12,801
NS,N124,2019-11-22,2019-11-25,4
NS,N124,2019-11-27,2019-11-27,1
NS,N124,2019-11-30,2019-11-30,1
NS,N124,2020-09-03,2020-09-04,2
NS,N124,2020-12-03,2020-12-06,4
NS,N124,2023-12-14,2026-07-16,946
NS,N125,2017-01-01,2019-03-17,806
NS,N125,2019-05-15,2019-05-27,13
NS,N125,2020-09-03,2020-09-04,2
NS,N125,2020-12-03,2020-12-06,4
NS,N125,2023-12-14,2026-07-16,946
NS,N126,2017-01-01,2019-07-16,927
NS,N126,2020-09-03,2020-09-04,2
NS,N126,2020-09-12,2020-09-13,2
NS,N126,2020-12-03,2020-12-06,4
NS,N127,2017-01-01,2019-08-31,973
NS,N127,2020-09-03,2020-09-04,2
NS,N127,2020-12-03,2020-12-06,4
NS,N127,2023-06-04,2023-06-04,1
NS,N127,2023-12-14,2026-07-16,946
NS,N128,2017-01-01,2019-08-30,972
NS,N128,2019-11-28,2019-12-01,4
NS,N128,2020-01-24,2020-01-28,5
NS,N128,2020-09-03,2020-09-04,2
NS,N128,2020-12-03,2020-12-06,4
NS,N128,2023-12-14,2026-07-16,946
NS,N129,2017-01-01,2019-09-05,978
NS,N129,2019-09-14,2019-09-16,3
NS,N129,2020-09-03,2020-09-04,2
NS,N129,2020-12-03,2020-12-06,4
NS,N129,2021-03-07,2021-03-07,1
NS,N129,2023-12-14,2026-07-16,946
NS,N130,2017-01-01,2019-09-03,976
NS,N130,2019-12-18,2019-12-23,6
NS,N130,2020-01-24,2020-01-29,6
NS,N130,2020-02-08,2020-02-10,3
NS,N130,2020-06-04,2020-06-05,2
NS,N130,2020-09-03,2020-09-04,2
NS,N130,2020-12-03,2020-12-06,4
NS,N130,2023-12-14,2026-07-16,946
NS,N131,2017-01-01,2019-09-02,975
NS,N131,2020-09-03,2020-09-04,2
NS,N131,2020-12-03,2020-12-06,4
NS,N131,2023-12-14,2026-07-16,946
NS,N132,2017-01-01,2019-07-24,935
NS,N132,2020-09-03,2020-09-04,2
NS,N132,2020-12-03,2020-12-06,4
NS,N132,2023-12-14,2026-07-16,946
NS,N133,2017-01-01,2019-07-25,936
NS,N133,2019-08-18,2019-12-08,113
NS,N133,2019-12-10,2019-12-17,8
NS,N133,2020-09-03,2020-09-04,2
NS,N133,2020-12-03,2020-12-06,4
NS,N133,2023-12-14,2026-07-16,946
NS,N134,2017-01-01,2019-09-03,976
NS,N134,2019-11-26,2019-12-01,6
NS,N134,2020-09-03,2020-09-04,2
NS,N134,2020-12-03,2020-12-06,4
NS,N134,2022-08-16,2026-07-16,1431
NS,N135,2017-01-01,2019-09-01,974
NS,N135,2020-09-03,2020-09-04,2
NS,N135,2020-12-03,2020-12-06,4
NS,N135,2022-08-16,2026-07-16,1431
NS,N136,2017-01-01,2019-07-15,926
NS,N137,2017-01-01,2019-07-22,933
NS,N137,2020-09-03,2020-09-04,2
NS,N137,2020-12-03,2020-12-06,4
NS,N137,2023-12-14,2026-07-16,946
NS,N138,2017-01-01,2019-07-24,935
NS,N138,2020-09-03,2020-09-04,2
NS,N138,2020-12-03,2020-12-06,4
NS,N138,2022-05-08,2022-05-08,1
NS,N138,2022-08-09,2026-07-16,1438
NS,N139,2017-01-01,2019-07-23,934
NS,N139,2019-12-23,2019-12-26,4
NS,N139,2020-01-29,2020-01-30,2
NS,N139,2020-09-03,2020-09-04,2
NS,N139,2020-12-03,2020-12-06,4
NS,N139,2022-08-12,2026-07-16,1435
NS,N140,2017-01-01,2019-09-03,976
NS,N140,2020-09-03,2020-09-04,2
NS,N140,2020-12-03,2020-12-06,4
NS,N140,2022-08-16,2026-07-16,1431
NS,N141,2017-01-01,2019-07-16,927
NS,N141,2019-11-26,2019-12-01,6
NS,N141,2019-12-08,2019-12-16,9
NS,N141,2020-01-03,2020-01-07,5
NS,N141,2020-01-27,2020-01-30,4
NS,N141,2020-02-19,2020-03-29,40
NS,N141,2020-09-03,2020-09-04,2
NS,N141,2020-12-03,2020-12-06,4
NS,N142,2017-01-01,2019-07-15,926
NS,N142,2020-09-03,2020-09-04,2
NS,N142,2020-12-03,2020-12-06,4
NS,N142,2022-08-22,2026-07-16,1425
NS,N143,2017-01-01,2019-08-31,973
NS,N143,2020-01-26,2020-01-27,2
NS,N143,2020-02-01,2020-02-12,12
NS,N143,2020-09-03,2020-09-04,2
NS,N143,2020-09-06,2020-09-07,2
NS,N143,2020-12-03,2020-12-06,4
NS,N143,2022-08-16,2026-07-16,1431
NS,N144,2017-01-01,2019-08-31,973
NS,N144,2019-09-11,2019-09-11,1
NS,N144,2019-09-19,2019-09-25,7
NS,N144,2020-09-03,2020-09-04,2
NS,N144,2020-12-03,2020-12-06,4
NS,N144,2023-12-14,2026-07-16,946
NS,N145,2017-01-01,2019-07-16,927
NS,N145,2020-07-30,2020-08-02,4
NS,N145,2020-09-03,2020-09-04,2
NS,N145,2020-09-19,2020-12-31,104
NS,N145,2022-08-14,2022-08-24,11
NS,N145,2023-12-14,2026-07-16,946
NS,N146,2017-01-01,2019-09-05,978
NS,N146,2019-09-14,2019-09-29,16
NS,N146,2020-09-03,2020-09-04,2
NS,N146,2020-12-03,2020-12-06,4
NS,N146,2021-12-25,2021-12-26,2
NS,N146,2022-08-22,2026-07-16,1425
NS,N147,2017-01-01,2019-09-02,975
NS,N148,2017-01-01,2019-08-30,972
NS,N148,2019-11-25,2019-12-02,8
NS,N148,2019-12-18,2019-12-23,6
NS,N148,2019-12-29,2020-01-07,10
NS,N148,2020-01-24,2020-01-29,6
NS,N148,2020-09-03,2020-09-04,2
NS,N148,2020-12-03,2020-12-06,4
NS,N148,2023-12-14,2026-07-16,946
NS,N149,2017-01-01,2019-09-04,977
NS,N149,2019-09-21,2019-09-21,1
NS,N149,2019-10-02,2019-10-02,1
NS,N149,2020-09-03,2020-09-04,2
NS,N149,2020-12-03,2020-12-06,4
NS,N149,2021-01-24,2021-01-24,1
NS,N149,2023-12-14,2026-07-16,946
NS,N150,2017-01-01,2019-09-04,977
NS,N150,2020-09-03,2020-09-04,2
NS,N150,2020-12-03,2020-12-06,4
NS,N150,2023-12-14,2026-07-16,946
NS,N151,2017-01-01,2019-09-01,974
NS,N151,2019-11-02,2019-11-11,10
NS,N151,2019-11-19,2019-12-03,15
NS,N151,2019-12-10,2019-12-16,7
NS,N151,2019-12-23,2019-12-25,3
NS,N151,2020-09-03,2020-09-04,2
NS,N151,2020-12-03,2020-12-06,4
NS,N151,2023-12-14,2026-07-16,946
NS,N152,2017-01-01,2019-08-31,973
NS,N152,2019-12-30,2019-12-30,1
NS,N152,2020-09-03,2020-09-04,2
NS,N152,2020-12-03,2020-12-06,4
NS,N152,2022-09-23,2026-07-16,1393
NS,N153,2017-01-01,2019-08-31,973
NS,N153,2020-09-03,2020-09-04,2
NS,N153,2020-12-03,2020-12-06,4
NS,N153,2022-08-19,2026-07-16,1428
NS,N154,2017-01-01,2019-09-01,974
NS,N154,2019-12-30,2019-12-30,1
NS,N154,2020-01-31,2020-02-05,6
NS,N154,2020-09-03,2020-09-04,2
NS,N154,2020-12-03,2020-12-06,4
NS,N154,2023-12-14,2026-07-16,946
NS,N155,2017-01-01,2019-09-03,976
NS,N155,2020-09-03,2020-09-04,2
NS,N155,2020-12-03,2020-12-06,4
NS,N155,2022-09-23,2026-07-16,1393
NS,N156,2017-01-01,2019-09-02,975
NS,N156,2019-12-27,2019-12-30,4
NS,N156,2020-01-31,2020-02-06,7
NS,N156,2020-09-03,2020-09-04,2
NS,N156,2020-12-03,2020-12-06,4
NS,N156,2022-08-22,2026-07-16,1425
NS,N157,2017-01-01,2019-09-03,976
NS,N157,2019-09-12,2019-09-12,1
NS,N157,2020-09-03,2020-09-04,2
NS,N157,2020-12-03,2020-12-06,4
NS,N157,2022-08-17,2022-08-17,1
NS,N157,2023-12-14,2026-07-16,946
NS,N158,2017-01-01,2019-08-31,973
NS,N158,2019-09-07,2019-09-07,1
NS,N158,2019-09-12,2019-09-12,1
NS,N158,2019-09-25,2019-10-07,13
NS,N158,2020-02-18,2020-02-20,3
NS,N158,2020-09-03,2020-09-04,2
NS,N158,2020-12-03,2020-12-06,4
NS,N158,2022-09-07,2026-07-16,1409
NS,N159,2017-01-01,2019-09-06,979
NS,N159,2020-09-03,2020-09-04,2
NS,N159,2020-12-03,2020-12-06,4
NS,N159,2023-12-14,2026-07-16,946
NS,N160,2017-01-01,2019-08-31,973
NS,N160,2020-03-11,2020-03-14,4
NS,N160,2020-05-23,2020-05-25,3
NS,N160,2020-09-03,2020-09-04,2
NS,N161,2017-01-01,2019-08-30,972
NS,N161,2020-09-03,2020-09-04,2
NS,N161,2020-12-03,2020-12-06,4
NS,N161,2021-09-26,2021-09-26,1
NS,N161,2023-12-14,2026-07-16,946
NS,N162,2017-01-01,2019-09-01,974
NS,N162,2019-12-01,2019-12-01,1
NS,N162,2020-03-20,2020-03-22,3
NS,N162,2020-03-28,2020-03-28,1
NS,N162,2020-09-03,2020-09-04,2
NS,N162,2020-12-03,2020-12-06,4
NS,N162,2022-09-07,2026-07-16,1409
NS,N163,2017-01-01,2019-09-03,976
NS,N163,2020-09-03,2020-09-04,2
NS,N163,2020-12-03,2020-12-06,4
NS,N163,2022-09-07,2026-07-16,1409
NS,N164,2017-01-01,2019-08-30,972
NS,N164,2020-09-03,2020-09-04,2
NS,N164,2020-12-03,2020-12-06,4
NS,N164,2023-12-14,2026-07-16,946
NS,N165,2017-01-01,2019-08-28,970
NS,N165,2020-09-03,2020-09-04,2
NS,N165,2020-12-03,2020-12-06,4
NS,N165,2021-05-29,2021-05-30,2
NS,N165,2022-09-20,2022-09-20,1
NS,N165,2022-10-13,2026-07-16,1373
NS,N166,2017-01-01,2019-09-01,974
NS,N166,2019-12-05,2019-12-22,18
NS,N167,2017-01-01,2019-08-30,972
NS,N167,2020-09-03,2020-09-04,2
NS,N167,2020-12-03,2020-12-06,4
NS,N167,2021-10-17,2021-10-17,1
NS,N167,2023-12-14,2026-07-16,946
NS,N168,2017-01-01,2019-08-31,973
NS,N168,2019-11-18,2019-12-09,22
NS,N168,2019-12-15,2019-12-22,8
NS,N168,2020-01-07,2020-01-13,7
NS,N168,2020-01-17,2020-01-20,4
NS,N168,2020-01-28,2020-01-29,2
NS,N168,2020-09-03,2020-09-04,2
NS,N168,2020-12-03,2020-12-06,4
NS,N168,2022-09-19,2026-07-16,1397
NS,N169,2017-01-01,2019-08-30,972
NS,N169,2020-05-12,2020-05-14,3
NS,N169,2020-09-03,2020-09-04,2
NS,N169,2020-12-03,2020-12-06,4
NS,N169,2023-12-14,2026-07-16,946
NS,N170,2017-01-01,2019-07-16,927
NS,N170,2020-09-03,2020-09-04,2
NS,N170,2020-12-03,2020-12-06,4
NS,N170,2022-09-10,2022-09-10,1
NS,N170,2023-12-14,2026-07-16,946
NS,N171,2017-01-01,2019-09-01,974
NS,N171,2019-12-23,2019-12-26,4
NS,N171,2020-01-31,2020-02-06,7
NS,N171,2020-09-03,2020-09-04,2
NS,N171,2020-12-03,2020-12-06,4
NS,N171,2023-12-14,2026-07-16,946
NS,N172,2017-01-01,2019-09-04,977
NS,N172,2019-11-17,2019-12-03,17
NS,N172,2019-12-17,2019-12-23,7
NS,N172,2019-12-27,2019-12-30,4
NS,N172,2020-01-14,2020-01-15,2
NS,N172,2020-01-20,2020-01-29,10
NS,N172,2020-09-03,2020-09-04,2
NS,N172,2020-12-03,2020-12-06,4
NS,N172,2022-03-01,2022-03-02,2
NS,N172,2022-09-22,2026-07-16,1394
NS,N173,2017-01-01,2019-09-04,977
NS,N173,2020-09-03,2020-09-04,2
NS,N173,2020-12-03,2020-12-06,4
NS,N173,2022-08-09,2026-07-16,1438
NS,N174,2017-01-01,2019-07-23,934
NS,N174,2020-09-03,2020-09-04,2
NS,N174,2020-12-03,2020-12-06,4
NS,N174,2022-08-09,2026-07-16,1438
NS,N175,2017-01-01,2019-07-24,935
NS,N175,2020-09-03,2020-09-04,2
NS,N175,2020-12-03,2020-12-06,4
NS,N176,2017-01-01,2019-09-01,974
NS,N176,2019-11-07,2019-11-07,1
NS,N176,2019-11-18,2019-12-02,15
NS,N176,2020-02-01,2020-02-09,9
NS,N176,2020-09-03,2020-09-04,2
NS,N176,2020-12-03,2020-12-06,4
NS,N176,2022-08-16,2026-07-16,1431
NS,N177,2017-01-01,2019-08-31,973
NS,N177,2019-11-03,2019-11-04,2
NS,N177,2020-09-03,2020-09-04,2
NS,N177,2020-12-03,2020-12-06,4
NS,N177,2022-08-22,2026-07-16,1425
NS,N178,2017-01-01,2019-07-22,933
NS,N179,2017-01-01,2019-07-22,933
NS,N179,2020-09-03,2020-09-04,2
NS,N179,2020-12-03,2020-12-06,4
NS,N179,2022-08-12,2026-07-16,1435
NS,N180,2017-01-01,2019-09-01,974
NS,N180,2020-09-03,2020-09-04,2
NS,N180,2020-12-03,2020-12-06,4
NS,N180,2022-08-16,2026-07-16,1431
NS,N181,2017-01-01,2019-07-15,926
NS,N181,2020-01-12,2020-01-16,5
NS,N181,2020-09-03,2020-09-04,2
NS,N181,2020-12-03,2020-12-06,4
NS,N181,2022-08-22,2026-07-16,1425
NS,N182,2017-01-01,2019-07-15,926
NS,N182,2019-12-02,2019-12-08,7
NS,N182,2020-09-03,2020-09-04,2
NS,N182,2020-09-13,2020-09-13,1
NS,N182,2020-10-09,2020-10-11,3
NS,N182,2020-11-07,2020-11-08,2
NS,N182,2020-11-29,2020-11-29,1
NS,N182,2020-12-03,2020-12-06,4
NS,N182,2023-12-14,2026-07-16,946
NS,N183,2017-01-01,2019-07-16,927
NS,N183,2019-07-25,2019-07-25,1
NS,N183,2019-10-26,2019-10-29,4
NS,N183,2019-11-29,2019-12-08,10
NS,N183,2020-01-27,2020-01-30,4
NS,N183,2020-09-03,2020-09-04,2
NS,N183,2020-12-03,2020-12-06,4
NS,N183,2022-08-16,2026-07-16,1431
NS,N184,2017-01-01,2019-07-16,927
NS,N184,2020-09-03,2020-09-04,2
NS,N184,2020-12-03,2020-12-06,4
NS,N184,2022-09-06,2022-09-14,9
NS,N184,2023-12-14,2026-07-16,946
NS,N185,2017-01-01,2019-07-23,934
NS,N185,2020-09-03,2020-09-04,2
NS,N185,2020-12-03,2020-12-06,4
NS,N185,2023-12-14,2026-07-16,946
NS,N186,2017-01-01,2019-09-02,975
NS,N186,2020-09-03,2020-09-04,2
NS,N186,2020-09-14,2020-09-14,1
NS,N186,2020-12-03,2020-12-06,4
NS,N186,2022-08-19,2026-07-16,1428
NS,N187,2017-01-01,2019-08-30,972
NS,N187,2020-09-03,2020-09-04,2
NS,N187,2020-12-03,2020-12-06,4
NS,N187,2023-12-14,2026-07-16,946
NS,N188,2017-01-01,2019-09-01,974
NS,N188,2019-09-19,2019-09-25,7
NS,N188,2019-11-18,2019-12-04,17
NS,N188,2019-12-08,2019-12-16,9
NS,N188,2019-12-24,2019-12-25,2
NS,N188,2019-12-28,2019-12-29,2
NS,N188,2020-02-03,2020-02-03,1
NS,N188,2020-09-03,2020-09-04,2
NS,N188,2020-12-03,2020-12-06,4
NS,N188,2022-08-19,2026-07-16,1428
NS,N189,2017-01-01,2019-09-03,976
NS,N189,2019-09-22,2019-09-22,1
NS,N189,2019-09-24,2019-09-26,3
NS,N189,2020-07-13,2020-07-13,1
NS,N189,2020-09-03,2020-09-04,2
NS,N189,2020-12-03,2020-12-06,4
NS,N190,2017-01-01,2019-09-03,976
NS,N190,2019-11-10,2019-11-12,3
NS,N190,2020-09-03,2020-09-04,2
NS,N190,2020-12-03,2020-12-06,4
NS,N190,2023-12-14,2026-07-16,946
NS,N191,2017-01-01,2019-08-31,973
NS,N191,2020-09-03,2020-09-04,2
NS,N191,2020-12-03,2020-12-06,4
NS,N191,2023-12-14,2026-07-16,946
NS,N192,2017-01-01,2019-09-03,976
NS,N192,2020-09-03,2020-09-04,2
NS,N192,2020-12-03,2020-12-06,4
NS,N192,2023-12-14,2026-07-16,946
NS,N193,2017-01-01,2019-08-31,973
NS,N193,2020-09-03,2020-09-04,2
NS,N193,2020-12-03,2020-12-06,4
NS,N193,2023-12-14,2026-07-16,946
NS,N194,2017-01-01,2019-08-30,972
NS,N194,2020-09-03,2020-09-04,2
NS,N194,2020-12-03,2020-12-06,4
NS,N194,2022-10-13,2026-07-16,1373
NS,N195,2017-01-01,2019-08-31,973
NS,N195,2020-02-29,2020-03-10,11
NS,N195,2020-09-03,2020-09-04,2
NS,N195,2020-12-03,2020-12-06,4
NS,N195,2021-06-19,2021-06-20,2
NS,N195,2022-09-07,2022-09-12,6
NS,N195,2022-10-13,2026-07-16,1373
NS,N196,2017-01-01,2019-08-30,972
NS,N196,2020-09-03,2020-09-04,2
NS,N196,2020-12-03,2020-12-06,4
NS,N196,2023-12-14,2026-07-16,946
NS,N197,2017-01-01,2019-08-31,973
NS,N197,2019-09-30,2019-10-02,3
NS,N197,2019-11-02,2019-11-04,3
NS,N197,2019-12-21,2019-12-23,3
NS,N197,2020-09-03,2020-09-04,2
NS,N197,2020-12-03,2020-12-06,4
NS,N197,2022-09-19,2026-07-16,1397
NS,N198,2017-01-01,2019-09-01,974
NS,N198,2019-12-12,2019-12-16,5
NS,N198,2020-09-03,2020-09-04,2
NS,N198,2020-12-03,2020-12-06,4
NS,N198,2023-12-14,2026-07-16,946
NS,N199,2017-01-01,2019-08-30,972
NS,N199,2020-09-03,2020-09-04,2
NS,N199,2020-12-03,2020-12-06,4
NS,N199,2021-09-22,2021-09-22,1
NS,N199,2021-11-07,2021-11-07,1
NS,N199,2022-01-01,2022-01-02,2
NS,N200,2017-01-01,2019-09-04,977
NS,N200,2019-10-02,2019-10-02,1
NS,N200,2020-09-03,2020-09-04,2
NS,N200,2020-12-03,2020-12-06,4
NS,N200,2021-09-04,2021-09-05,2
NS,N200,2022-09-20,2022-09-20,1
NS,N200,2022-10-13,2026-07-16,1373
NS,N201,2022-05-01,2022-08-24,116
NS,N201,2023-12-14,2026-07-16,946
NS,N202,2022-05-01,2022-06-29,60
NS,N202,2022-09-29,2022-09-30,2
NS,N202,2023-12-14,2026-07-16,946
NS,N203,2022-05-01,2022-08-24,116
NS,N203,2023-12-14,2026-07-16,946
NS,N204,2022-05-01,2022-08-24,116
NS,N204,2023-12-14,2026-07-16,946
NS,N205,2022-05-01,2022-08-24,116
NS,N205,2022-10-27,2022-10-27,1
NS,N205,2023-12-14,2026-07-16,946
NS,N206,2022-05-01,2022-08-24,116
NS,N206,2023-12-14,2026-07-16,946
NS,N207,2022-05-01,2022-08-24,116
NS,N207,2023-12-14,2026-07-16,946
NS,N208,2022-05-01,2022-06-29,60
NS,N208,2022-09-29,2022-09-30,2
NS,N208,2023-12-14,2026-07-16,946
NS,N209,2022-05-01,2022-08-24,116
NS,N209,2023-12-14,2026-07-16,946
NS,N210,2022-05-01,2022-08-24,116
NS,N210,2023-12-14,2026-07-16,946
NS,N211,2022-05-01,2022-06-30,61
NS,N211,2022-09-29,2022-10-03,5
NS,N211,2022-10-21,2022-10-22,2
NS,N211,2023-12-14,2026-07-16,946
NS,N212,2022-05-01,2022-08-24,116
NS,N212,2023-12-14,2026-07-16,946
NS,N213,2022-05-01,2022-08-24,116
NS,N213,2023-12-14,2026-07-16,946
NS,N214,2022-05-01,2022-08-24,116
NS,N214,2023-12-14,2026-07-16,946
NS,N215,2022-05-01,2022-08-24,116
NS,N215,2023-12-14,2026-07-16,946
NS,N216,2022-05-01,2022-08-24,116
NS,N216,2022-08-27,2022-09-28,33
NS,N216,2023-12-14,2026-07-16,946
NS,N217,2022-05-01,2022-06-30,61
NS,N217,2022-09-29,2022-09-30,2
NS,N217,2023-12-14,2026-07-16,946
NS,N218,2022-05-01,2022-06-30,61
NS,N218,2023-12-14,2026-07-16,946
NS,N219,2022-05-01,2022-08-24,116
NS,N219,2023-12-14,2026-07-16,946
NS,N220,2022-05-01,2022-08-24,116
NS,N220,2023-12-14,2026-07-16,946
