event_idx,time,lat,lon,depth,num,gap,rms,erh,erz,qual,year,cluster,magnitude,magnitude_std,n_used,n_total,snr_median,mag_status,ml_all,mv_nP,mv_app,mv_rms,mv_rho,mv_inlier,coherence_fail
1044,2015-09-23 02:53:29.840,35.7572,129.2576,2.69,9,118,0.39,1.1,4.3,C,2015,-1,0.8394790116713664,0.4371393268505187,3,7,7.8233089278585775,ok,0.8394790116713664,5.0,8.599611710448228,1.180251143330736,0.7,0.4,True
1092,2015-11-13 11:04:24.720,35.8039,129.4183,14.23,7,149,0.04,0.9,1.1,B,2015,50,2.744383109575534,1.1688841143664963,7,7,284.6170526226206,ok,2.744383109575534,9.0,6.971960753882062,2.8142481192683424,0.75,0.0,True
1382,2016-08-25 03:02:11.290,35.4485,129.1259,6.97,7,146,0.05,0.6,0.8,B,2016,-1,0.5808040117101423,0.3091250450553056,4,13,4.589237857147266,ok,0.5808040117101423,5.0,8.961447804756686,1.4728948818185408,0.6,0.4,True
1459,2016-09-12 11:13:38.960,35.7679,129.1802,14.25,6,142,0.01,1.0,1.4,B,2016,34,1.1060084547772189,0.7870894595380898,2,13,2.89558566870094,ok,1.1060084547772189,5.0,9.264453376130692,10.578259185219087,0.0,0.0,True
1461,2016-09-12 11:14:09.020,35.7632,129.1935,16.34,19,92,0.06,0.4,0.7,B,2016,34,1.0304492835416417,0.1155450567213036,8,13,9.63394957025302,ok,1.0088574028106756,7.0,8.197069981230584,9.91715324142075,0.4642857142857144,0.0,True
1470,2016-09-12 11:20:02.380,35.7672,129.1949,14.26,7,153,0.05,0.6,1.3,B,2016,34,0.3469216274259338,0.0169559281017367,2,13,3.7714130631905327,ok,0.3469216274259338,6.0,1.854915035715945,7.117731701841191,0.6571428571428573,0.3333333333333333,True
1495,2016-09-12 11:38:07.400,35.753,129.1904,14.68,14,98,0.06,0.4,0.7,B,2016,34,2.1747585543141863,0.1366662555156083,2,13,3.208406124904951,ok,2.1747585543141863,5.0,7.636286477032087,5.5609787973918055,0.49999999999999994,0.0,True
1503,2016-09-12 11:41:54.810,35.7602,129.1901,13.61,15,117,0.06,0.5,0.7,B,2016,34,1.3336163697619503,0.2177510979278034,10,13,5.33569674961382,ok,1.3336163697619503,5.0,7.314698932757685,11.538790669579548,0.7,0.0,True
1506,2016-09-12 11:42:27.280,35.7849,129.2005,13.91,11,83,0.07,0.5,0.9,A,2016,34,2.2126188057477485,0.2171630447730463,12,13,47.20385688015197,ok,2.1952353564756204,12.0,4.583407392045768,2.985297481927591,0.8881118881118882,0.4166666666666667,True
1507,2016-09-12 11:42:32.380,35.7818,129.2049,14.49,19,71,0.08,0.4,0.7,A,2016,34,2.264220254354809,0.2478865270340537,8,13,14.341971798875564,ok,2.19684068152797,10.0,4.6534050978731045,2.259817288148899,0.6848484848484848,0.0,True
1526,2016-09-12 11:51:01.110,35.7542,129.1876,14.92,20,68,0.07,0.3,0.6,A,2016,34,1.3525160836456116,0.3149705633927895,11,13,23.19786473555236,ok,1.3905191380531678,12.0,6.301803645060068,7.097883319296268,0.6713286713286714,0.0,True
1528,2016-09-12 11:51:15.860,35.7599,129.1893,14.36,16,117,0.09,0.4,0.7,B,2016,34,2.171328922100684,0.2297005423514026,12,13,30.878948107455205,ok,2.1626295737467296,9.0,6.286817962568239,0.990218167658039,0.9166666666666666,0.3333333333333333,True
1535,2016-09-12 11:54:25.910,35.7035,129.3172,5.46,11,192,0.41,1.6,3.6,D,2016,-1,1.6962888603165172,0.2590895946113106,7,13,12.531508319149037,ok,1.6956310187284125,7.0,99.0,5.976279647994971,-0.7142857142857144,0.2857142857142857,True
1542,2016-09-12 11:57:05.920,35.7626,129.1938,13.91,10,147,0.05,0.6,0.9,B,2016,34,1.6697486761403892,0.1441859777758759,4,13,8.48373740462036,ok,1.6407938783987637,11.0,99.0,4.885278024368793,-0.20000000000000004,0.2727272727272727,True
1574,2016-09-12 12:11:08.470,35.7613,129.1944,15.17,22,66,0.08,0.3,0.6,A,2016,34,1.218723680710866,0.2249305023045577,11,13,19.38302380532756,ok,1.2313097676973557,10.0,6.8377539388148385,9.705843417660653,0.709090909090909,0.0,True
1580,2016-09-12 12:13:38.010,35.7536,129.1877,15.74,13,114,0.05,0.5,0.8,B,2016,34,0.8336837839112644,0.1929516372077955,10,13,7.225457707486868,ok,0.8336837839112644,8.0,6.836248565145591,5.916347470232973,0.7380952380952381,0.0,True
1590,2016-09-12 12:17:39.560,35.7765,129.182,12.67,15,113,0.07,0.4,0.8,B,2016,34,0.4337857910484652,0.3064624214931184,3,13,4.896840729528724,ok,0.6075642650594963,5.0,7.373945889666123,11.468903407044747,0.7,0.0,True
1592,2016-09-12 12:18:46.810,35.7597,129.19,15.09,10,117,0.19,0.8,1.3,B,2016,34,0.6639473830369471,0.2452370077528204,4,13,5.4767484952423855,ok,0.6639473830369471,5.0,10.493349063452651,10.668311840746442,0.19999999999999998,0.0,True
1598,2016-09-12 12:22:45.510,35.775,129.2074,14.48,7,129,0.04,0.7,1.3,B,2016,34,1.0829255244969067,0.2397300979197804,2,13,3.413417177994217,ok,1.0829255244969067,6.0,7.162798272573734,1.8184786406196702,0.8857142857142858,0.0,True
1604,2016-09-12 12:25:24.030,35.7743,129.1872,12.59,17,78,0.1,0.4,0.8,A,2016,34,1.000607912617103,0.2343230644875407,8,13,7.540737650544846,ok,0.9949651398364728,7.0,2.7939877517243183,7.594615067496576,0.9642857142857145,0.2857142857142857,True
1617,2016-09-12 12:31:47.120,35.764,129.1828,15.29,7,133,0.07,0.7,1.2,B,2016,34,0.8127462705620505,0.2165959414626415,7,13,7.977485211281488,ok,0.8127462705620505,7.0,5.3346192539873885,6.44992058431894,0.9642857142857145,0.42857142857142855,True
1624,2016-09-12 12:35:30.670,35.7674,129.1878,9.2,8,120,0.33,1.0,3.2,C,2016,34,0.6885005122635008,0.137180671532479,3,13,3.81700070581395,ok,0.6885005122635008,5.0,1.533325435903548,4.098139966718287,0.9999999999999999,0.2,True
1647,2016-09-12 12:50:10.630,35.7605,129.1977,9.79,6,149,0.33,1.8,3.7,C,2016,34,0.570646968958679,0.3850457347220308,2,13,4.387448214660128,ok,0.570646968958679,6.0,7.3356457316229315,1.54897384723562,0.8285714285714287,0.0,True
1648,2016-09-12 12:50:17.420,35.7345,129.1887,11.78,9,112,0.36,1.2,1.9,C,2016,34,0.5746636103936669,0.2504129120958238,4,13,4.443086304774793,ok,0.5746636103936669,6.0,7.733747911205794,1.5156858733200116,0.8285714285714287,0.0,True
1649,2016-09-12 12:51:02.440,35.7099,129.1813,11.65,7,129,0.4,2.1,2.4,C,2016,-1,0.5722243951556564,0.1562433388804787,4,13,6.413399122841603,ok,0.6323376797921838,8.0,10.184157322187302,11.39333280688391,0.11904761904761905,0.0,True
1656,2016-09-12 12:54:44.230,35.783,129.2053,13.58,11,132,0.05,0.5,1.0,B,2016,34,,,0,13,2.601455713554188,low_snr,,5.0,99.0,2.206555166611226,-0.3,0.4,True
1676,2016-09-12 13:07:48.810,35.757,129.1817,14.27,14,114,0.06,0.5,0.8,B,2016,34,1.0482778892426905,0.2751697140182493,3,13,5.993631226092262,ok,1.0482778892426905,9.0,7.6328816034576255,1.054653245109214,0.7999999999999999,0.4444444444444444,True
1678,2016-09-12 13:08:38.940,35.758,129.1938,15.6,23,66,0.08,0.3,0.6,A,2016,34,2.178729865288873,0.2228116279610026,12,13,22.94781455363883,ok,2.161302792929669,8.0,8.156274082770063,3.611476471806628,0.2380952380952381,0.25,True
1708,2016-09-12 13:25:07.960,35.7812,129.1826,12.95,10,79,0.21,0.7,1.7,B,2016,34,0.6042201766953847,0.2354883082855347,3,13,4.894706184832966,ok,0.7084273172904936,5.0,0.7195554522284707,13.077743791810004,0.8999999999999998,0.2,True
1710,2016-09-12 13:26:03.340,35.7958,129.2135,5.21,9,92,0.24,0.7,2.6,B,2016,-1,0.6313307022021726,0.2533432387892086,5,13,5.202290357310006,ok,0.6313307022021726,6.0,4.941212250082664,7.185649120800987,0.8285714285714287,0.3333333333333333,True
1721,2016-09-12 13:35:25.040,35.7633,129.1966,15.29,19,67,0.05,0.4,0.7,A,2016,34,1.1806691439954005,0.192878545817392,9,13,11.38347279124904,ok,1.0954791887876745,6.0,10.815499860671604,3.0459141023668352,0.3714285714285715,0.16666666666666666,True
1733,2016-09-12 13:47:16.720,35.7615,129.1801,14.19,22,67,0.07,0.3,0.6,A,2016,34,1.9235888677154107,0.2483423540013389,12,13,33.64051859287383,ok,1.9014451498307816,12.0,7.076984213908086,1.7985392608484392,0.6853146853146854,0.0,True
1739,2016-09-12 13:52:21.180,35.7561,129.1933,13.66,11,116,0.06,0.5,0.9,B,2016,34,0.5433116380734694,0.2492208604028691,4,13,3.8381650921853936,ok,0.5433116380734694,5.0,99.0,10.855744776162087,-0.09999999999999999,0.2,True
1748,2016-09-12 13:58:21.580,35.7607,129.1906,14.28,15,117,0.07,0.5,0.7,B,2016,34,0.8857968428593044,0.2739169069094754,9,13,13.00966220944708,ok,0.9164211300989168,12.0,6.455315167583996,7.440737415822528,0.7622377622377624,0.4166666666666667,True
1807,2016-09-12 14:39:20.440,35.762,129.1959,16.37,9,152,0.05,0.5,1.1,B,2016,34,0.4000548697388779,0.1529077113994825,4,13,3.988976925532553,ok,0.4000548697388779,8.0,9.905155174319312,9.611170287923876,-0.11904761904761905,0.0,True
1809,2016-09-12 14:40:37.690,35.7792,129.1975,13.88,14,77,0.1,0.4,0.8,A,2016,34,0.2863749196394061,0.1675570067950279,7,13,5.583867153155091,ok,0.2863749196394061,10.0,6.762686943438085,8.431374079447775,0.6848484848484848,0.0,True
1814,2016-09-12 14:42:42.030,35.761,129.1808,13.83,13,99,0.07,0.4,0.8,B,2016,34,0.7351029941006806,0.0828809487617835,6,13,4.412198998353363,ok,0.7351029941006806,11.0,5.936188387745929,8.346543548545432,0.8090909090909091,0.09090909090909091,True
1842,2016-09-12 15:01:44.100,35.7719,129.2036,15.14,16,115,0.06,0.4,0.7,B,2016,34,0.774406076099275,0.2310370397314514,7,13,9.51680876503633,ok,0.774406076099275,5.0,13.68676194453653,1.5121752826100723,0.49999999999999994,0.4,True
1847,2016-09-12 15:04:27.530,35.7677,129.2088,15.81,6,166,0.01,1.1,1.3,C,2016,34,0.2323125272713968,,1,13,3.4064381257704106,ok,0.2323125272713968,5.0,2.687662280417398,3.0350808081678453,0.9999999999999999,0.2,True
1868,2016-09-12 15:22:57.710,35.7702,129.2044,14.49,6,164,0.02,1.0,1.3,C,2016,34,,,0,13,2.48483593250094,low_snr,,7.0,3.900233156598593,4.8899271546864576,1.0,0.2857142857142857,True
1872,2016-09-12 15:26:29.560,35.7644,129.1944,13.16,6,149,0.01,0.9,1.4,B,2016,34,0.1244012408634645,0.4056344979780703,2,13,3.182065136320801,ok,0.1244012408634645,5.0,8.374098656474242,10.38120457603784,0.39999999999999997,0.0,True
1876,2016-09-12 15:28:50.740,35.7787,129.203,14.24,7,129,0.06,0.7,1.4,B,2016,34,0.4304456503382128,0.1889738851193145,8,13,5.470017974152043,ok,0.4304456503382128,6.0,3.5824983620090936,2.8291722395584746,0.942857142857143,0.16666666666666666,True
1878,2016-09-12 15:30:01.890,35.7665,129.1973,15.84,7,154,0.04,0.6,1.2,B,2016,34,0.3689808435270616,0.209217605361084,7,13,6.056851783778952,ok,0.3689808435270616,6.0,3.873400971843606,3.159206586386351,0.8285714285714287,0.0,True
1900,2016-09-12 15:45:31.100,35.7805,129.204,14.11,9,160,0.06,0.6,0.9,B,2016,34,0.472199541448052,0.0969564388152324,4,13,5.437790362276836,ok,0.4951997710656239,5.0,0.8479796194172626,7.814670915208415,0.9999999999999999,0.2,True
1903,2016-09-12 15:48:56.790,35.7592,129.1939,13.07,6,144,0.05,0.9,1.4,B,2016,34,0.1331496756873631,0.188915149442023,3,13,3.654033220550744,ok,0.1331496756873631,5.0,1.7319233384902033,5.263623372574525,0.8999999999999998,0.2,True
1922,2016-09-12 16:01:27.170,35.7813,129.21,14.83,9,177,0.08,0.6,1.1,B,2016,34,0.2303940634069036,0.2110092263931097,4,13,4.437874495195495,ok,0.2303940634069036,7.0,7.20890541575646,4.480397107151596,0.7142857142857144,0.0,True
1943,2016-09-12 16:23:42.870,35.8368,129.1596,9.76,6,167,0.07,0.8,1.7,B,2016,-1,0.3577450068529418,0.818405147368434,6,13,6.980229238031076,ok,0.4425495276216302,12.0,7.733919135214256,4.893271850052896,0.8181818181818183,0.4166666666666667,True
1948,2016-09-12 16:29:18.840,35.7666,129.2023,14.72,6,158,0.04,1.0,1.4,C,2016,34,0.0276278588574798,0.1216955228687171,4,13,4.483584668595847,ok,0.0276278588574798,5.0,1.483839459369274,6.57431522885045,0.9999999999999999,0.2,True
1949,2016-09-12 16:29:35.020,35.7599,129.1879,14.04,17,69,0.09,0.4,0.7,A,2016,34,0.6552341861577962,0.1672785540809189,9,13,8.002554285331499,ok,0.6552341861577962,10.0,7.175348145693059,6.134849328626285,0.5515151515151515,0.0,True
1957,2016-09-12 16:33:35.400,35.7609,129.1722,14.86,11,113,0.07,0.5,1.0,B,2016,34,0.0852110275348403,0.1449135881689824,5,13,5.684189726141113,ok,0.0852110275348403,6.0,2.1091407230591175,3.896901821384431,1.0,0.16666666666666666,True
1981,2016-09-12 16:55:58.510,35.7601,129.1916,16.26,9,143,0.06,0.6,0.8,B,2016,34,0.2343142927975509,0.2328199444986131,4,13,4.638180263046978,ok,0.2343142927975509,10.0,7.27052477776227,5.850932862729832,0.4545454545454545,0.0,True
1984,2016-09-12 16:58:19.810,35.9044,129.1537,6.4,8,197,0.53,3.3,3.3,D,2016,-1,0.2968916464658701,0.7956641252119795,4,13,4.226883263543141,ok,0.2968916464658701,6.0,5.7101523553857065,10.449578841243131,0.3142857142857143,0.0,True
2018,2016-09-12 17:27:22.410,35.7644,129.1938,13.44,13,90,0.07,0.5,0.8,A,2016,34,0.4119301569812919,0.3925481573639127,3,13,3.907754907897585,ok,0.4119301569812919,7.0,6.758220361792112,8.014825721414839,0.5714285714285715,0.0,True
2043,2016-09-12 17:50:09.340,35.7501,129.1954,15.51,13,114,0.06,0.5,0.8,B,2016,34,0.4318615488521085,0.1536958345518852,5,13,4.498920772842474,ok,0.4318615488521085,5.0,4.9112735908011835,10.444167493239643,0.7,0.4,True
2065,2016-09-12 18:11:08.700,35.7668,129.1929,16.09,18,89,0.07,0.4,0.7,A,2016,34,0.8056817442431036,0.3798354021703618,10,13,20.522530416478627,ok,0.8401730688980362,12.0,6.560039991155869,6.827405330840657,0.7902097902097903,0.0,True
2078,2016-09-12 18:24:19.540,35.7538,129.2044,16.12,6,146,0.06,0.9,1.5,B,2016,34,0.0805802945637432,0.1637364052251088,3,13,3.3554326820755067,ok,0.0805802945637432,5.0,1.8881417434503724,4.247829207266608,0.9999999999999999,0.2,True
2089,2016-09-12 18:34:23.830,35.779,129.1898,13.35,16,79,0.08,0.4,0.8,A,2016,34,0.6258742785108627,0.2507903714729702,10,13,7.960624496514693,ok,0.6258742785108627,9.0,5.39078596689661,4.490149994769145,0.6666666666666667,0.1111111111111111,True
2117,2016-09-12 19:11:06.330,35.7642,129.2061,15.01,6,160,0.01,1.0,1.3,C,2016,34,0.1006683453894632,,1,13,3.109288052515092,ok,0.1006683453894632,6.0,2.639583953635118,4.206857585426473,1.0,0.3333333333333333,True
2143,2016-09-12 19:30:10.700,35.7784,129.206,14.04,9,130,0.06,0.6,1.4,B,2016,34,,,0,13,4.310492680144171,low_snr,,8.0,99.0,6.762185960959227,-0.523809523809524,0.125,True
2180,2016-09-12 20:12:41.140,35.7671,129.1988,14.64,13,113,0.07,0.5,0.8,B,2016,34,0.3108161831164111,0.1705383530098626,5,13,4.187529558916787,ok,0.3108161831164111,5.0,2.1783143586281275,5.059986490334257,0.9999999999999999,0.2,True
2184,2016-09-12 20:15:41.700,35.7783,129.2049,14.37,18,70,0.08,0.4,0.7,A,2016,34,0.9011092166576198,0.2285111817622461,11,13,13.444929123096504,ok,0.9041376857533112,12.0,1.9365003811539339,4.136541872379886,0.9930069930069931,0.0,True
2222,2016-09-12 21:04:20.950,35.7652,129.1887,13.95,12,119,0.05,0.5,0.8,B,2016,34,0.7834268189200839,0.0978222453325787,7,13,5.345474839061967,ok,0.7834268189200839,5.0,8.703783378662195,11.636748189275512,0.19999999999999998,0.0,True
2227,2016-09-12 21:09:00.740,35.7733,129.2026,14.67,14,115,0.07,0.4,0.8,B,2016,34,0.5579913845663917,0.2032896636732772,5,12,4.825639703043105,ok,0.5579913845663917,8.0,4.7334463122545625,5.131654624625361,0.7380952380952381,0.125,True
2276,2016-09-12 22:32:20.480,35.758,129.2036,15.12,10,151,0.13,0.7,1.2,B,2016,34,0.2440852877625768,0.1150473583896547,2,13,4.251758354913356,ok,0.2440852877625768,6.0,8.659795038230904,9.771891745539797,0.3142857142857143,0.0,True
2320,2016-09-12 23:47:47.810,35.7586,129.1962,15.82,14,109,0.06,0.5,0.7,B,2016,34,1.7194376217482148,0.4004489761496232,12,13,43.55964848165363,ok,1.7242854048569352,13.0,6.27162015688817,5.761721797116119,0.7692307692307693,0.38461538461538464,True
2416,2016-09-13 03:13:25.270,35.7636,129.1867,13.71,11,118,0.04,0.5,0.9,B,2016,34,0.4287136945774734,0.1978313828226477,6,13,5.122261283657264,ok,0.4287136945774734,6.0,1.856438070896699,6.307018897777539,0.942857142857143,0.3333333333333333,True
2599,2016-09-13 10:17:54.180,35.7653,129.1824,14.76,12,110,0.05,0.4,0.8,B,2016,34,0.317526783924803,0.4691537101866704,5,13,5.537864121011224,ok,0.3250832847478985,8.0,7.169153882717478,6.865989278509604,0.4523809523809524,0.0,True
2612,2016-09-13 10:49:41.770,35.7286,129.3698,12.01,15,121,0.03,0.4,0.7,B,2016,-1,0.6274047718618616,0.06631693468276,9,13,9.06891755674059,ok,0.6274047718618616,10.0,6.513630332650198,6.562012602733411,0.5151515151515151,0.0,True
2692,2016-09-13 14:08:08.770,35.7669,129.198,15.72,8,155,0.02,0.6,1.1,B,2016,34,0.2426659426762459,0.2446802683934006,2,13,3.7397628931774336,ok,0.415681019679764,5.0,99.0,6.2357354722479945,-0.49999999999999994,0.4,True
2737,2016-09-13 15:35:11.650,35.7587,129.1925,13.87,12,109,0.06,0.5,0.8,B,2016,34,0.0914802343676241,0.35614881457758,2,13,3.688874776332388,ok,0.0914802343676241,7.0,7.717568582900715,10.18067381271633,0.14285714285714288,0.0,True
3146,2016-09-14 15:59:46.260,35.766,129.1823,14.06,14,110,0.07,0.5,0.8,B,2016,34,0.1639514590077901,0.3182196078173195,7,12,7.354395606895885,ok,0.1639514590077901,10.0,5.693640821348754,5.836509795297732,0.8181818181818182,0.0,True
3216,2016-09-14 20:11:33.400,35.7733,129.2044,21.73,7,167,0.51,2.5,3.3,D,2016,-1,0.1245973865474974,,1,12,3.324912789915764,ok,0.1245973865474974,5.0,9.57140928259009,1.4702724917620578,0.7,0.4,True
3228,2016-09-14 21:43:10.970,35.7652,129.2,16.34,9,156,0.05,0.5,1.1,B,2016,34,-0.0682743785290813,0.311653628031181,4,12,3.639364363311036,ok,-0.0682743785290813,5.0,8.008617552077023,1.0788926813832544,0.9999999999999999,0.4,True
3317,2016-09-15 06:15:13.940,35.7593,129.1895,13.27,10,141,0.04,0.5,1.0,B,2016,34,0.1451899788600166,0.2849281584425099,5,12,4.772746856745247,ok,0.1451899788600166,6.0,1.9620751868071773,4.93670185523474,1.0,0.0,True
3702,2016-09-17 10:46:45.570,35.7711,129.1996,14.87,14,85,0.08,0.4,0.8,A,2016,34,0.6263960404403754,0.1672455880132273,7,12,7.988992072523909,ok,0.6263960404403754,9.0,5.5692348063417585,8.169282044093876,0.9,0.4444444444444444,True
3734,2016-09-17 21:04:41.590,35.7656,129.2008,14.32,10,156,0.04,0.5,1.0,B,2016,34,0.2077690710686413,0.1913096595637633,5,12,4.815099119063628,ok,0.2077690710686413,5.0,7.778715322254503,1.3423255608192461,0.9999999999999999,0.2,True
4262,2016-09-24 20:57:02.490,35.7586,129.5891,15.27,10,238,0.03,0.9,1.1,C,2016,-1,0.6265373237498217,,1,12,4.323103198267026,ok,0.6524529875866163,5.0,3.3001169458226007,6.735474583536844,0.8999999999999998,0.2,True
4621,2016-10-02 10:48:29.610,35.7837,129.2046,14.13,15,71,0.07,0.4,0.8,A,2016,34,0.4404804840232252,0.2186647326525981,7,12,8.274864615717586,ok,0.4404804840232252,11.0,6.825829523640114,8.579137884882519,0.7727272727272727,0.18181818181818182,True
4801,2016-10-09 22:02:42.880,35.7578,129.172,15.43,8,201,0.04,1.2,0.8,C,2016,34,0.2659921237854992,0.4193233278315266,2,12,3.787368973412797,ok,0.2659921237854992,5.0,8.044354970627383,1.372329850258455,0.7,0.2,True
5145,2016-10-26 05:30:15.160,35.6958,129.3771,11.12,16,132,0.04,0.5,0.8,B,2016,55,1.0804528370347284,0.1564588809546358,11,13,12.90508335747757,ok,1.1237622063130377,11.0,6.626934512234354,2.1410763171506453,0.6727272727272727,0.0,True
5657,2016-12-14 23:39:53.960,35.7522,129.1912,15.53,14,114,0.1,0.5,0.9,B,2016,34,0.8105892686421756,0.3125098609566412,4,9,5.27906602670789,ok,0.8105892686421756,6.0,6.818465669103418,1.849525150333493,0.7142857142857143,0.0,True
6088,2017-03-25 21:48:56.100,35.8575,129.2789,39.35,7,166,0.39,2.4,3.0,C,2017,-1,0.3959611158100651,,1,11,3.8620024162516216,ok,0.4162160312883081,6.0,7.429508960452172,2.3813591066733304,0.3142857142857143,0.16666666666666666,True
6412,2017-06-23 15:04:17.570,35.6544,128.9607,56.41,9,195,0.31,4.1,2.6,D,2017,-1,0.988172480146524,0.0018313152845585,2,13,10.794334551508102,ok,1.2033710557771615,10.0,99.0,2.876818522829842,-0.18787878787878787,0.3,True
6743,2017-11-15 05:22:32.420,36.1118,129.366,12.67,16,214,0.07,0.5,1.2,C,2017,11,2.227781489263038,0.2445095798078074,7,13,173.39111884212787,ok,2.3595609207269783,13.0,6.219504719304196,4.804746467587449,0.6703296703296703,0.0,True
6744,2017-11-15 05:22:43.790,36.1118,129.3654,12.45,18,213,0.07,0.4,1.1,C,2017,11,2.608310793678362,0.2491191392392485,7,13,25.96274794373061,ok,2.579863067292625,13.0,6.958133056804869,4.993185094149879,-0.21978021978021978,0.0,True
6749,2017-11-15 05:42:47.120,36.1065,129.3555,12.26,11,216,0.07,0.6,1.6,C,2017,11,1.5462913074569031,0.5608477525791791,6,13,11.35060585110855,ok,1.417745732221595,8.0,6.17305000547055,1.205572349041088,0.8571428571428572,0.0,True
6759,2017-11-15 05:56:32.030,35.8392,129.331,21.54,7,159,0.1,1.0,1.7,C,2017,-1,2.756748737776729,0.4405113365841388,9,13,82.73907579681766,ok,2.826054326636997,12.0,8.219661104619494,2.525066573815903,0.6363636363636365,0.0,True
6774,2017-11-15 06:23:36.480,36.1024,129.3491,12.15,14,208,0.06,0.5,1.4,C,2017,11,1.835252164426192,0.4164111150304186,7,13,114.32634831050486,ok,2.279395487695387,9.0,6.274819064523663,6.6967344155970965,0.6333333333333333,0.0,True
6826,2017-11-15 08:03:59.110,36.0914,129.3441,11.84,12,207,0.09,0.6,1.6,C,2017,11,1.4991043821670114,0.2699364727791636,7,13,11.064032877761576,ok,1.4535704851528968,8.0,6.196369784829943,1.3219819768816945,1.0,0.0,True
6863,2017-11-15 09:22:26.760,36.117,129.362,11.86,11,222,0.07,0.7,1.9,C,2017,11,0.8056765015123232,0.1839244467748511,4,13,7.076770765511311,ok,1.0059736274383542,6.0,6.248601821932455,7.475990707782003,0.3714285714285715,0.0,True
6864,2017-11-15 09:22:43.820,35.8435,129.0359,21.9,8,119,0.56,1.9,4.4,C,2017,-1,1.447806609349068,0.3226191298205739,10,13,12.18394328353679,ok,1.4623768262920989,11.0,10.135724781909552,3.217215081557583,0.36363636363636365,0.2727272727272727,True
6874,2017-11-15 09:58:26.130,35.8282,129.3426,22.48,7,142,0.15,1.2,2.0,C,2017,-1,1.8413842370367632,0.4322573545455678,10,13,16.191373881178276,ok,1.824796495968048,10.0,8.621084396893522,2.6317477811255903,0.5636363636363636,0.0,True
6974,2017-11-16 15:37:23.200,35.7028,129.383,17.29,16,122,0.02,0.4,0.6,B,2017,-1,0.8998533237492086,0.250119477880502,8,13,6.642753888429994,ok,0.8381158798152475,9.0,8.2551445009413,3.039624325983069,0.39999999999999997,0.0,True
7111,2017-11-18 16:41:26.910,36.1035,129.3468,13.43,6,213,0.02,0.9,2.4,C,2017,11,0.420243798574161,0.3304656825575472,2,13,3.703661919335,ok,0.6539183236600437,6.0,2.9462526292460742,1.8183788858116876,1.0,0.0,True
7162,2017-11-20 07:11:19.370,36.0997,129.364,12.15,7,215,0.08,0.8,2.3,C,2017,11,1.093192390149737,1.021302109393351,5,13,5.058357403166566,ok,1.093192390149737,5.0,6.076709807711466,5.428501064897556,0.7,0.0,True
7471,2017-12-17 05:35:52.480,35.7411,129.3185,15.14,7,173,0.13,0.8,2.2,C,2017,-1,1.632212382995095,0.232962310683244,5,13,8.746728810216805,ok,1.34224340231926,8.0,21.799529678273615,3.3355428582765003,0.2380952380952381,0.375,True
7646,2018-01-21 21:28:24.050,36.0362,128.7565,10.83,6,208,0.06,4.7,2.1,D,2018,-1,0.4667643324782298,0.2952166461762683,3,19,3.4533602450497054,ok,0.4667643324782298,5.0,5.788387943851569,1.189848309942212,0.8999999999999998,0.4,True
7775,2018-02-10 22:51:22.690,36.0728,129.3283,6.61,18,69,0.11,0.3,0.6,A,2018,11,0.4269237832163681,0.2781835264080398,6,19,4.593067903055348,ok,0.4269237832163681,5.0,6.314095153381102,4.1594413605803355,0.39999999999999997,0.0,True
7950,2018-02-18 16:12:09.870,36.0758,129.3233,6.18,14,146,0.12,0.4,0.7,B,2018,11,0.4455620683814267,0.4666104180176925,5,19,4.71722599516368,ok,0.4500447750032772,10.0,5.724354915293459,6.906979187530526,0.7818181818181817,0.0,True
8860,2018-09-26 12:14:40.670,35.7742,129.1922,13.04,26,77,0.1,0.4,0.5,A,2018,34,0.4221765986522529,0.2155589284572528,6,29,3.5658133377694905,ok,0.4221765986522529,5.0,7.37625285785408,1.19355214012795,0.9999999999999999,0.2,True
9336,2019-02-18 05:15:37.070,35.5819,129.4025,45.31,7,244,0.13,1.9,1.9,C,2019,-1,1.2490085012342764,0.1014329494533366,4,36,4.07826921662001,ok,1.3247192020264584,5.0,12.2425813572801,6.226622896638092,0.09999999999999999,0.2,True
9390,2019-03-13 04:49:54.390,35.9306,129.4238,28.79,12,95,0.45,2.6,3.5,C,2019,-1,2.038917165482206,0.3627551578121475,21,37,38.9422756611159,ok,2.118576775961703,15.0,11.825178593035941,2.631126968192658,0.4142857142857142,0.4,True
9508,2019-04-16 01:33:49.360,35.3481,129.3378,16.75,9,236,0.57,3.2,2.9,D,2019,-1,0.9708156433375668,0.16170456553982,5,40,3.658526911215831,ok,1.038722694719871,12.0,12.067267918727618,2.385940342922124,0.5524475524475525,0.3333333333333333,True
9739,2019-06-12 14:28:35.630,35.6658,129.4637,14.93,8,189,0.52,1.9,3.5,D,2019,-1,1.0114340507616348,0.4931238731843632,21,41,9.451709710847048,ok,1.3461844526631928,8.0,18.403212593617027,2.5273914524292493,0.4523809523809524,0.375,True
9740,2019-06-12 16:05:04.850,35.6774,129.3719,23.95,11,173,0.24,1.3,1.8,C,2019,-1,1.0961594985253122,0.3479674805310334,20,41,9.611577107959317,ok,1.252328661164936,7.0,6.328398805836343,2.681080264873428,0.6071428571428572,0.2857142857142857,True
10764,2020-05-11 10:45:50.210,36.039,128.6521,26.02,8,231,0.15,1.3,1.8,C,2020,-1,2.145822698736546,0.1625277810007545,12,42,56.89314002690426,ok,2.251114567821682,13.0,6.929198168766901,1.9182725909742708,0.9560439560439561,0.3076923076923077,True
10768,2020-05-13 06:19:23.180,35.9763,128.8717,20.6,21,170,0.59,1.8,4.3,D,2020,-1,1.7424094023242551,0.3869598250385656,24,42,16.32273853278092,ok,1.9013621772761184,9.0,7.145580234198541,3.2016977215926206,0.5333333333333333,0.0,True
10788,2020-05-22 20:20:39.570,35.7096,129.3478,8.33,12,117,0.06,0.6,1.1,B,2020,54,0.0371684795267381,0.5177789865151429,3,42,3.3630575251966017,ok,0.0371684795267381,9.0,6.369493996792612,5.150311003009488,0.5166666666666667,0.2222222222222222,True
10789,2020-05-22 20:20:49.180,35.7119,129.3475,8.59,20,89,0.06,0.3,0.8,A,2020,54,0.3874762638885649,0.1958766484520144,3,42,3.473145739872044,ok,0.3874762638885649,9.0,6.422217745886508,2.9510591060523983,0.5499999999999999,0.2222222222222222,True
10790,2020-05-22 20:20:55.450,35.7122,129.3485,8.64,25,72,0.07,0.3,0.7,A,2020,54,1.3498412540905016,,1,42,3.4202430536360247,ok,1.1476124434685413,6.0,28.29587846390683,1.1081507593372426,0.2,0.3333333333333333,True
11204,2020-10-27 14:05:09.480,35.3223,128.7289,30.59,11,219,0.75,3.1,3.6,D,2020,-1,1.0415632151768537,0.1851329749631241,9,42,4.587434574792555,ok,0.9841613902183082,7.0,5.5991484596909125,1.8526299257288825,0.8214285714285715,0.42857142857142855,True
11471,2021-02-27 18:52:11.570,36.1226,128.7319,38.77,8,134,0.39,2.6,4.1,C,2021,-1,0.8215356273655184,0.3313825305757974,4,42,3.4531285189474503,ok,0.977631220650186,9.0,7.731648588684655,1.8566688699309666,0.9166666666666666,0.4444444444444444,True
11823,2021-07-18 05:36:44.690,35.6052,129.5977,22.15,15,249,0.2,4.3,2.6,D,2021,-1,1.3440314009163152,0.1429031341498385,15,41,12.808087392953992,ok,1.4649778982382418,21.0,8.036732847741211,1.1634942410349223,0.774025974025974,0.47619047619047616,True
11864,2021-08-05 19:07:08.230,35.6879,128.8864,18.97,7,176,0.11,2.2,1.9,C,2021,-1,1.087021758619616,0.4952285738387766,26,41,11.782574835762311,ok,1.1232053486235172,5.0,4.683569886550157,2.7881947312787307,0.7,0.2,True
12045,2021-10-11 15:06:23.600,35.8501,129.7288,21.38,19,252,0.07,0.6,0.9,C,2021,6,0.8486832534628039,0.3114439954993123,2,42,3.343937883214622,ok,0.9881671165479364,5.0,7.137823219892166,1.8778807417112846,0.7,0.0,True
12122,2021-11-10 11:48:37.260,35.5944,129.7066,24.11,14,269,0.11,1.4,1.5,C,2021,-1,0.7212560688371974,0.1288358013144876,2,41,3.7144880934030415,ok,0.7212560688371974,5.0,6.937165082550675,2.0579064688004745,0.7,0.0,True
12128,2021-11-11 02:47:56.100,35.9348,129.1579,6.98,8,124,0.67,2.4,3.0,D,2021,-1,0.721793200947491,0.5449080753375175,3,42,3.251717993541557,ok,0.721793200947491,7.0,99.0,2.645239671832485,-0.41443123283995714,0.42857142857142855,True
12204,2021-12-14 22:21:40.180,36.0422,129.0564,24.21,14,137,0.54,1.8,2.5,D,2021,-1,1.482607854519415,0.275614138574299,7,42,3.4298398083141275,ok,1.482607854519415,35.0,10.517790835973694,1.6089689639097184,0.630812324929972,0.42857142857142855,True
12511,2022-04-26 16:51:12.140,36.0331,128.6659,14.7,20,140,0.43,0.9,1.5,C,2022,-1,1.052754845876123,0.3769392585196886,17,45,6.480715669183423,ok,1.182979705121769,16.0,6.392996467773753,2.515342484777772,0.6264705882352941,0.0625,True
12692,2022-06-29 11:08:00.110,35.8937,129.734,19.6,47,248,0.1,0.4,0.7,C,2022,6,1.414972910211551,0.2553563304399629,14,44,10.507583586216333,ok,1.700468970380875,7.0,6.66959784612574,4.842210229501082,0.25,0.0,True
12753,2022-07-26 08:23:03.930,36.1936,128.7431,20.95,6,149,0.03,0.7,1.2,B,2022,-1,0.9789589832338316,0.2454430610306654,12,45,4.062013465870169,ok,0.9789589832338316,8.0,10.74277934823208,2.1907605514573323,0.523809523809524,0.25,True
12756,2022-07-28 02:38:49.270,35.9358,129.1324,24.14,11,110,0.6,2.2,4.7,C,2022,-1,1.159239515498231,0.4304838864954192,17,45,5.299175566511885,ok,1.2324267856447269,15.0,99.0,3.0022394203437366,-0.12857142857142856,0.13333333333333333,True
12994,2022-10-28 23:28:09.900,35.9348,128.7897,21.51,20,156,0.23,0.9,2.2,C,2022,-1,2.9058795186834527,0.3611908750799341,18,45,18.611080033590508,ok,3.086403439112852,22.0,8.486289178606441,1.8906937884193327,0.6070016939582158,0.45454545454545453,True
13007,2022-11-02 08:32:03.950,35.8176,129.7354,30.28,11,244,0.43,4.4,1.5,D,2022,-1,1.5011778159771405,0.1966912673291327,9,45,14.697524559145162,ok,1.9638081207059763,25.0,18.977046863122837,3.122890428326976,0.26081939316861164,0.32,True
13138,2022-12-30 07:30:43.010,35.8015,129.4573,9.71,32,168,0.07,0.3,0.6,B,2022,43,0.5072909906301521,0.1716593010913063,5,45,3.508730231015659,ok,0.5227464555415275,8.0,6.5119801880951025,1.0622181055509143,0.9761904761904763,0.375,True
14306,2024-04-17 00:03:13.570,35.8874,129.8114,19.61,10,269,0.38,3.0,2.7,D,2024,-1,1.5090140049952878,0.2157693166658052,7,54,5.371817984291639,ok,1.417771997583332,12.0,6.046906855028479,1.9055605067292818,0.8601398601398602,0.4166666666666667,True
14314,2024-04-19 03:26:00.740,36.1646,128.7057,5.7,10,142,0.31,0.8,1.8,C,2024,-1,0.6772814713644293,0.1404679804403956,3,55,3.582255317059343,ok,0.8573870287345491,5.0,6.392572907458383,1.8198741779272953,0.8999999999999998,0.2,True
14317,2024-04-19 15:30:27.230,35.4385,128.764,16.09,22,106,0.5,1.1,1.7,C,2024,-1,1.0192773433826363,0.3218306394996173,24,55,10.811215940796544,ok,1.172293797791152,26.0,8.608729074711428,2.4174861553495237,0.8482051282051282,0.4230769230769231,True
14348,2024-04-28 03:45:06.470,35.5896,128.8348,25.79,8,198,0.21,3.1,3.6,D,2024,-1,1.328702132811145,0.3401605042157802,30,53,18.38596359674308,ok,1.6702710955354627,7.0,21.562395528846547,1.5473154521525059,0.14285714285714288,0.14285714285714285,True
14543,2024-07-18 18:31:41.580,35.7094,129.352,9.48,44,77,0.06,0.2,0.4,A,2024,54,0.4875398461691413,0.4997242483219736,13,54,4.714118408912785,ok,0.9174420862381186,20.0,5.983471250857061,6.047427861341636,0.7082706766917292,0.0,True
14680,2024-09-13 02:43:43.360,35.5647,128.6358,29.9,15,203,0.5,3.5,2.1,D,2024,-1,,,0,0,,no_dir,,11.0,6.384633173270978,1.2535750907930312,0.8181818181818182,0.45454545454545453,True
14703,2024-09-26 08:09:01.460,35.5589,128.9388,21.59,7,165,0.22,1.5,3.1,C,2024,-1,0.5031653969284282,0.5960474950072455,7,55,3.484983023215088,ok,0.5290608854266721,5.0,99.0,2.7102661896696625,-0.09999999999999999,0.4,True
14781,2024-10-28 06:23:15.980,36.3067,129.5545,21.15,6,243,0.07,1.7,1.0,C,2024,-1,,,0,0,,no_dir,,30.0,99.0,2.770979490300519,-0.31123470522803115,0.3333333333333333,True
