id,event_idx
200000,1
200001,2
200003,7
200004,8
200005,11
200006,13
200007,14
200008,16
200009,19
200011,22
200012,23
200013,24
200014,25
200015,26
200016,29
200017,30
200018,32
200019,35
200021,39
200022,41
200023,43
200024,47
200025,48
200026,52
200027,54
200028,55
200030,58
200031,59
200032,63
200033,65
200034,67
200035,69
200036,73
200037,77
200038,78
200039,81
200040,83
200041,86
200042,87
200043,91
200044,92
200045,93
200046,94
200047,98
200048,99
200049,100
200050,101
200051,102
200052,103
200053,110
200054,111
200055,113
200056,114
200057,116
200058,118
200059,121
200060,122
200061,124
200062,126
200063,132
200064,133
200065,141
200066,142
200067,148
200068,150
200069,151
200071,155
200072,156
200073,158
200074,160
200075,161
200076,164
200077,165
200078,168
200079,170
200080,171
200081,172
200082,174
200083,177
200084,187
200085,188
200086,190
200087,191
200088,193
200089,196
200090,200
200091,201
200092,209
200093,210
200094,211
200095,212
200096,214
200097,215
200098,220
200099,223
200100,224
200101,225
200102,227
200103,230
200104,232
200105,236
200106,240
200107,241
200108,243
200109,244
200110,247
200111,248
200112,249
200113,250
200114,251
200116,254
200117,256
200118,258
200119,260
200120,262
200121,263
200122,264
200123,270
200124,274
200125,279
200126,287
200127,293
200128,296
200129,297
200131,301
200132,306
200133,307
200134,308
200135,311
200136,312
200137,314
200138,315
200139,317
200140,318
200141,326
200142,327
200143,328
200144,329
200145,331
200146,332
200147,333
200148,334
200149,335
200150,338
200151,340
200152,341
200153,343
200154,351
200155,352
200156,355
200157,356
200158,366
200159,368
200160,371
200161,377
200162,380
200163,381
200164,384
200165,386
200166,389
200167,393
200168,394
200169,395
200170,398
200171,399
200172,403
200173,405
200174,406
200175,410
200176,412
200177,413
200178,414
200179,415
200180,416
200181,417
200182,418
200183,419
200184,422
200185,423
200186,426
200187,430
200188,431
200189,433
200190,438
200191,440
200192,441
200193,442
200194,443
200195,447
200196,451
200197,453
200198,454
200199,456
200200,457
200201,458
200203,460
200204,463
200205,465
200206,466
200207,469
200208,471
200209,473
200210,474
200211,475
200212,476
200213,477
200214,480
200215,481
200216,482
200217,483
200218,484
200219,485
200220,487
200221,488
200222,489
200223,490
200224,491
200225,493
200226,495
200227,501
200228,503
200229,508
200230,509
200231,512
200232,513
200233,516
200234,518
200235,519
200236,520
200237,523
200238,524
200239,525
200240,528
200241,529
200242,534
200243,541
200244,542
200245,543
200246,544
200247,547
200248,549
200249,554
200250,556
200251,557
200252,561
200253,564
200254,565
200255,568
200257,570
200258,571
200259,572
200260,573
200261,574
200262,575
200263,576
200264,577
200265,578
200266,580
200267,581
200268,582
200269,584
200270,585
200271,587
200272,588
200273,589
200274,590
200275,592
200276,595
200277,598
200278,600
200279,603
200280,606
200281,607
200282,609
200283,610
200284,611
200285,612
200286,617
200287,618
200288,619
200289,623
200290,626
200291,629
200292,633
200293,637
200294,638
200295,640
200296,643
200297,644
200298,645
200299,646
200300,647
200301,648
200302,652
200303,653
200304,654
200305,655
200306,657
200307,659
200308,663
200309,664
200310,667
200311,668
200312,669
200313,670
200314,671
200315,674
200316,675
200318,677
200319,678
200320,679
200321,680
200322,681
200323,682
200325,684
200326,685
200327,686
200328,687
200329,688
200330,689
200331,690
200332,691
200333,692
200334,693
200335,694
200336,695
200337,696
200338,697
200339,698
200340,699
200341,700
200342,702
200343,703
200344,705
200345,706
200346,707
200347,708
200348,709
200349,710
200350,711
200351,713
200352,715
200353,716
200354,717
200355,718
200356,719
200357,720
200358,721
200359,722
200360,723
200361,724
200362,725
200363,726
200364,728
200365,729
200366,730
200367,731
200368,732
200369,733
200370,734
200371,735
200372,736
200373,737
200374,738
200375,739
200376,740
200377,741
200378,743
200379,744
200380,746
200381,747
200382,750
200383,752
200384,755
200385,756
200386,757
200387,758
200388,759
200389,760
200390,761
200391,762
200392,763
200393,764
200394,765
200395,766
200396,767
200397,768
200399,772
200400,773
200401,774
200402,775
200403,776
200404,778
200405,779
200406,781
200407,784
200408,788
200409,789
200410,790
200411,791
200412,792
200413,793
200414,795
200415,797
200416,799
200417,802
200418,804
200419,805
200420,806
200421,807
200422,809
200423,813
200424,814
200425,815
200426,816
200427,823
200428,825
200429,827
200430,834
200431,837
200432,844
200433,845
200434,846
200435,848
200436,849
200437,850
200438,852
200439,855
200440,856
200441,859
200442,861
200443,862
200444,864
200445,865
200446,866
200447,868
200448,870
200449,872
200450,873
200451,874
200452,876
200453,879
200454,881
200455,882
200456,888
200458,894
200459,895
200460,899
200461,903
200462,913
200463,914
200464,925
200465,927
200466,928
200467,932
200468,933
200469,935
200470,936
200471,937
200472,940
200473,943
200474,946
200475,947
200476,948
200477,950
200478,951
200479,952
200480,954
200481,956
200482,959
200483,960
200484,963
200485,968
200486,974
200487,976
200488,978
200489,979
200490,980
200491,982
200492,984
200493,988
200494,989
200495,990
200496,995
200497,1001
200498,1004
200499,1005
200500,1008
200501,1009
200502,1010
200503,1011
200504,1016
200506,1018
200507,1019
200508,1020
200509,1021
200510,1026
200511,1027
200512,1028
200513,1029
200514,1030
200515,1034
200516,1036
200517,1038
200518,1039
200519,1040
200521,1047
200522,1050
200523,1054
200524,1055
200525,1056
200526,1060
200527,1070
200528,1078
200529,1083
200530,1084
200531,1088
200532,1089
200533,1093
200534,1094
200535,1095
200536,1096
200538,1098
200539,1099
200540,1101
200541,1105
200542,1106
200543,1108
200544,1109
200545,1110
200546,1112
200547,1120
200548,1122
200549,1124
200550,1127
200551,1128
200552,1132
200553,1134
200554,1136
200555,1141
200556,1143
200557,1147
200558,1148
200559,1155
200560,1160
200561,1161
200562,1168
200563,1184
200564,1190
200565,1191
200566,1193
200567,1195
200568,1197
200570,1204
200571,1205
200572,1214
200573,1216
200574,1217
200575,1218
200576,1220
200577,1225
200578,1230
200579,1231
200580,1232
200581,1236
200582,1249
200583,1250
200584,1251
200585,1259
200586,1264
200587,1267
200588,1271
200589,1274
200590,1275
200591,1276
200592,1277
200593,1279
200594,1280
200595,1282
200597,1288
200598,1290
200599,1291
200600,1293
200601,1294
200602,1298
200603,1303
200604,1307
200606,1312
200607,1314
200608,1317
200609,1320
200610,1327
200611,1328
200612,1330
200613,1331
200614,1333
200615,1334
200616,1337
200617,1352
200618,1357
200619,1361
200620,1366
200621,1367
200622,1368
200623,1371
200624,1379
200625,1384
200626,1385
200627,1386
200628,1388
200629,1389
200630,1392
200631,1395
200632,1396
200634,1400
200635,1560
200636,2605
200638,2613
200639,2630
200640,2693
200641,2698
200642,2702
200643,2889
200644,2890
200645,2894
200646,3062
200647,3098
200648,3115
200649,3182
200650,3195
200651,3277
200652,3282
200653,3312
200654,3337
200655,3340
200656,3346
200657,3347
200658,3382
200659,3383
200660,3393
200661,3408
200662,3428
200663,3437
200665,3492
200666,3538
200667,3564
200668,3631
200669,3668
200670,3892
200671,3956
200672,3988
200673,4035
200674,4056
200675,4143
200676,4260
200677,4307
200678,4315
200679,4340
200680,4341
200681,4388
200682,4389
200683,4390
200684,4392
200685,4423
200686,4433
200687,4437
200688,4453
200689,4498
200690,4513
200691,4597
200692,4598
200693,4730
200694,4781
200695,4788
200696,4922
200697,4964
200698,4972
200699,4993
200700,5002
200701,5010
200702,5022
200703,5047
200704,5051
200705,5052
200706,5064
200707,5077
200708,5080
200709,5082
200710,5093
200711,5120
200712,5124
200713,5125
200714,5126
200715,5127
200716,5129
200718,5170
200719,5200
200720,5202
200721,5203
200722,5204
200723,5223
200724,5225
200725,5228
200726,5231
200727,5242
200729,5259
200730,5268
200731,5281
200732,5292
200733,5318
200734,5333
200735,5387
200736,5395
200737,5400
200738,5404
200739,5410
200740,5412
200741,5413
200742,5415
200743,5420
200744,5426
200745,5449
200746,5460
200747,5461
200748,5462
200749,5463
200750,5464
200751,5465
200752,5466
200753,5467
200754,5468
200755,5469
200756,5470
200757,5471
200758,5473
200759,5474
200760,5475
200761,5477
200762,5478
200763,5480
200764,5481
200765,5483
200766,5512
200767,5517
200768,5518
200769,5519
200770,5521
200771,5547
200772,5558
200773,5597
200774,5599
200775,5604
200776,5615
200777,5616
200778,5617
200779,5619
200780,5621
200781,5623
200782,5624
200783,5625
200784,5626
200785,5629
200786,5631
200787,5645
200788,5651
200789,5653
200791,5669
200792,5670
200793,5671
200794,5674
200795,5681
200796,5686
200797,5687
200798,5700
200799,5707
200800,5711
200801,5715
200802,5716
200803,5721
200804,5722
200805,5746
200806,5759
200807,5763
200808,5794
200809,5795
200810,5796
200811,5797
200812,5798
200813,5802
200815,5805
200816,5817
200817,5818
200818,5823
200819,5827
200820,5841
200821,5842
200822,5846
200823,5848
200824,5850
200825,5853
200826,5855
200827,5862
200828,5863
200829,5865
200830,5878
200831,5887
200832,5890
200833,5911
200834,5912
200835,5913
200836,5914
200837,5919
200838,5921
200839,5923
200840,5930
200841,5932
200842,5933
200843,5941
200844,5973
200845,5989
200846,5997
200847,6002
200848,6009
200849,6011
200850,6033
200851,6035
200852,6036
200853,6038
200854,6039
200855,6042
200856,6053
200857,6056
200858,6064
200859,6067
200860,6072
200861,6078
200862,6083
200863,6087
200864,6096
200865,6099
200866,6123
200867,6125
200868,6128
200869,6179
200870,6186
200871,6187
200872,6188
200873,6189
200874,6190
200875,6191
200876,6192
200877,6193
200878,6194
200879,6195
200880,6196
200881,6197
200882,6198
200883,6199
200884,6200
200885,6201
200886,6202
200887,6203
200888,6204
200889,6205
200890,6207
200891,6208
200892,6209
200893,6210
200894,6212
200895,6213
200896,6214
200897,6215
200898,6216
200899,6217
200900,6218
200901,6219
200902,6220
200903,6221
200904,6222
200905,6223
200906,6224
200907,6225
200908,6226
200909,6227
200910,6228
200911,6229
200912,6230
200913,6231
200914,6232
200915,6233
200916,6234
200917,6235
200918,6237
200919,6238
200920,6239
200921,6240
200922,6241
200923,6242
200924,6243
200925,6244
200926,6245
200927,6246
200928,6248
200929,6249
200930,6250
200931,6252
200932,6253
200933,6261
200934,6262
200935,6264
200936,6266
200937,6268
200938,6271
200939,6272
200940,6282
200941,6284
200942,6285
200943,6289
200944,6293
200945,6299
200946,6305
200947,6330
200948,6333
200949,6355
200950,6359
200951,6360
200952,6361
200953,6372
200954,6375
200955,6377
200956,6378
200957,6391
200958,6392
200959,6394
200960,6413
200961,6415
200962,6420
200963,6445
200964,6465
200965,6474
200966,6495
200967,6503
200968,6535
200969,6539
200970,6541
200971,6546
200972,6547
200973,6551
200974,6552
200975,6553
200976,6556
200977,6558
200978,6565
200979,6567
200980,6570
200981,6576
200982,6590
200983,6592
200984,6593
200985,6603
200986,6609
200987,6612
200988,6636
200989,6638
200990,6639
200991,6648
200992,6655
200993,6663
200994,6666
200995,6669
200996,6672
200997,6684
200998,6687
200999,6693
201000,6694
201001,6711
201002,6726
201003,6727
201004,6731
201005,6732
201006,6734
201007,6738
201008,7130
201009,7161
201010,7320
201011,7321
201012,7322
201013,7378
201014,7388
201015,7390
201016,7478
201017,7522
201018,7531
201019,7539
201020,7553
201021,7568
201022,7570
201023,7571
201024,7572
201025,7588
201026,7601
201027,7628
201028,7631
201029,7633
201030,7640
201031,7648
201032,7680
201033,7725
201034,7900
201035,7901
201036,7904
201037,7911
201038,7968
201039,7991
201040,8010
201041,8026
201042,8064
201044,8119
201045,8121
201046,8132
201047,8142
201048,8148
201049,8167
201050,8180
201051,8194
201052,8212
201053,8213
201054,8215
201055,8216
201056,8255
201057,8268
201058,8279
201059,8281
201060,8283
201061,8284
201062,8285
201063,8286
201064,8287
201065,8292
201066,8303
201067,8310
201068,8314
201069,8325
201070,8354
201072,8356
201073,8363
201074,8364
201075,8369
201076,8389
201077,8412
201078,8413
201079,8416
201080,8427
201081,8428
201082,8438
201083,8463
201084,8469
201085,8472
201086,8476
201087,8478
201088,8479
201089,8480
201090,8484
201091,8485
201092,8486
201093,8488
201094,8496
201095,8497
201096,8506
201097,8507
201098,8509
201099,8510
201100,8524
201101,8526
201102,8531
201103,8540
201104,8585
201105,8587
201106,8591
201107,8613
201108,8618
201109,8641
201110,8647
201111,8648
201112,8652
201113,8653
201114,8658
201115,8659
201116,8661
201117,8664
201118,8665
201119,8680
201120,8687
201121,8690
201122,8701
201125,8719
201126,8720
201127,8722
201128,8725
201129,8732
201130,8738
201131,8743
201132,8749
201134,8756
201135,8758
201136,8759
201137,8760
201138,8762
201139,8767
201140,8773
201142,8805
201143,8814
201144,8819
201145,8824
201146,8825
201147,8837
201148,8838
201149,8845
201150,8889
201151,8890
201152,8893
201153,8898
201154,8904
201155,8914
201156,8915
201157,8920
201158,8921
201159,8922
201160,8923
201161,8924
201162,8934
201163,8936
201164,8945
201165,8950
201166,8964
201167,8965
201168,8969
201169,8975
201170,8981
201171,8989
201173,9005
201174,9009
201175,9016
201176,9017
201177,9020
201178,9028
201179,9041
201180,9043
201181,9044
201182,9047
201183,9052
201184,9059
201185,9062
201186,9071
201187,9076
201188,9079
201189,9090
201190,9091
201192,9105
201193,9109
201194,9110
201195,9112
201196,9118
201197,9119
201198,9121
201199,9124
201200,9126
201201,9133
201202,9137
201203,9151
201204,9166
201205,9180
201206,9181
201207,9182
201208,9186
201209,9188
201210,9189
201211,9190
201212,9195
201213,9200
201214,9212
201215,9224
201216,9225
201217,9226
201218,9227
201219,9230
201220,9232
201221,9233
201222,9235
201223,9236
201224,9237
201225,9238
201226,9239
201227,9241
201228,9243
201229,9244
201230,9245
201231,9247
201232,9248
201233,9250
201234,9251
201235,9254
201236,9255
201237,9256
201238,9257
201239,9259
201240,9260
201241,9261
201243,9265
201244,9267
201245,9269
201246,9275
201247,9278
201248,9287
201250,9295
201251,9296
201252,9297
201253,9298
201254,9299
201255,9303
201256,9307
201257,9313
201258,9318
201259,9321
201260,9324
201261,9327
201262,9328
201263,9330
201264,9331
201265,9332
201266,9333
201267,9340
201268,9343
201269,9360
201270,9363
201271,9370
201272,9373
201274,9393
201275,9396
201276,9408
201277,9409
201278,9412
201279,9414
201281,9418
201282,9425
201283,9426
201284,9427
201285,9428
201286,9430
201287,9439
201288,9440
201289,9441
201291,9445
201292,9449
201293,9472
201294,9474
201295,9479
201296,9480
201297,9490
201298,9491
201299,9502
201300,9503
201301,9505
201302,9535
201303,9537
201304,9538
201305,9539
201306,9560
201307,9561
201308,9562
201309,9563
201310,9564
201311,9566
201312,9575
201313,9576
201314,9583
201315,9589
201316,9592
201317,9593
201318,9603
201319,9607
201320,9612
201321,9618
201323,9625
201324,9640
201325,9643
201326,9651
201327,9658
201328,9659
201330,9667
201331,9668
201332,9674
201333,9684
201334,9688
201336,9695
201337,9697
201338,9702
201339,9707
201340,9713
201341,9717
201342,9718
201344,9720
201345,9723
201347,9733
201348,9788
201349,9797
201350,9799
201351,9803
201352,9809
201353,9812
201354,9819
201355,9821
201356,9823
201357,9824
201358,9826
201359,9828
201360,9851
201361,9858
201362,9864
201363,9875
201364,9881
201365,9885
201366,9888
201367,9892
201368,9894
201369,9897
201370,9911
201371,9922
201372,9923
201373,9931
201374,9934
201375,9935
201377,9937
201378,9938
201379,9940
201380,9941
201381,9942
201382,9943
201383,9950
201384,9953
201385,9956
201386,9957
201387,9959
201388,9960
201389,9964
201390,9965
201391,9970
201392,9973
201393,9980
201394,9985
201395,9989
201396,10003
201397,10007
201398,10018
201399,10027
201400,10045
201401,10048
201402,10049
201403,10050
201404,10051
201405,10052
201406,10054
201407,10055
201409,10057
201410,10059
201411,10060
201412,10062
201414,10076
201415,10078
201416,10080
201417,10081
201418,10082
201419,10084
201420,10086
201421,10087
201422,10088
201423,10089
201424,10098
201425,10102
201426,10107
201427,10122
201428,10126
201430,10147
201431,10148
201432,10174
201433,10175
201434,10176
201435,10177
201436,10178
201437,10179
201438,10180
201439,10182
201440,10185
201441,10186
201442,10187
201443,10189
201444,10201
201445,10215
201446,10217
201447,10221
201448,10225
201449,10236
201450,10237
201451,10238
201452,10243
201453,10261
201454,10262
201455,10268
201456,10269
201457,10270
201458,10271
201459,10272
201460,10278
201461,10280
201462,10287
201463,10288
201464,10289
201465,10291
201466,10294
201467,10295
201468,10297
201470,10303
201471,10304
201472,10305
201473,10307
201474,10312
201476,10327
201477,10335
201479,10348
201480,10352
201481,10353
201482,10357
201483,10358
201484,10361
201485,10375
201486,10387
201487,10393
201488,10402
201489,10403
201490,10411
201491,10422
201492,10430
201493,10431
201494,10432
201495,10436
201496,10440
201497,10441
201498,10447
201499,10452
201500,10457
201501,10462
201502,10470
201503,10471
201504,10472
201505,10475
201506,10492
201507,10501
201508,10502
201509,10503
201510,10504
201511,10505
201513,10509
201514,10519
201515,10520
201516,10526
201517,10527
201518,10528
201519,10529
201520,10530
201521,10532
201522,10533
201523,10535
201524,10537
201525,10539
201526,10541
201527,10542
201528,10543
201529,10547
201530,10553
201531,10557
201532,10558
201533,10568
201534,10569
201535,10572
201536,10573
201537,10574
201538,10576
201539,10583
201540,10584
201541,10592
201542,10593
201543,10594
201544,10604
201545,10606
201546,10607
201547,10608
201548,10609
201549,10616
201550,10620
201551,10624
201552,10625
201553,10626
201554,10629
201555,10630
201556,10631
201557,10633
201558,10634
201559,10638
201560,10642
201561,10644
201562,10657
201563,10658
201564,10659
201565,10662
201566,10663
201567,10664
201568,10667
201569,10669
201570,10670
201571,10677
201572,10679
201573,10680
201574,10681
201576,10683
201577,10686
201578,10687
201579,10690
201580,10691
201581,10692
201582,10693
201583,10696
201584,10698
201585,10699
201586,10700
201587,10701
201588,10704
201589,10705
201590,10706
201591,10707
201592,10710
201593,10711
201594,10713
201595,10716
201596,10717
201597,10718
201598,10719
201599,10720
201600,10721
201601,10723
201602,10724
201603,10726
201604,10729
201605,10734
201606,10748
201607,10749
201608,10753
201609,10774
201610,10775
201611,10777
201612,10778
201613,10785
201614,10787
201617,10791
201618,10793
201619,10794
201620,10795
201621,10798
201622,10799
201623,10811
201624,10813
201625,10814
201626,10817
201627,10820
201628,10822
201629,10823
201630,10835
201631,10837
201632,10839
201633,10845
201634,10850
201635,10857
201636,10868
201637,10869
201638,10879
201639,10909
201640,10918
201641,10928
201642,10929
201643,10932
201644,10935
201645,10966
201646,10967
201647,10968
201648,10969
201649,10980
201650,10981
201651,10984
201652,10987
201653,10988
201654,10992
201655,10993
201656,10997
201657,10998
201658,11000
201659,11008
201660,11009
201661,11011
201662,11018
201663,11021
201664,11024
201665,11025
201666,11029
201667,11030
201668,11032
201669,11037
201670,11045
201671,11048
201672,11055
201673,11056
201674,11064
201675,11070
201676,11071
201677,11078
201678,11085
201679,11086
201680,11087
201681,11088
201682,11089
201683,11092
201684,11121
201685,11137
201686,11139
201687,11144
201688,11145
201689,11146
201690,11147
201691,11152
201692,11153
201693,11154
201694,11163
201695,11168
201696,11169
201697,11171
201698,11179
201699,11180
201700,11184
201701,11189
201702,11193
201703,11194
201704,11195
201705,11196
201706,11197
201707,11198
201708,11199
201709,11200
201710,11203
201711,11215
201713,11219
201714,11232
201715,11243
201716,11250
201717,11253
201718,11255
201719,11269
201720,11271
201721,11284
201722,11286
201723,11290
201724,11292
201725,11296
201726,11297
201727,11298
201728,11299
201729,11300
201730,11302
201731,11304
201732,11318
201733,11324
201734,11325
201736,11343
201737,11347
201738,11355
201739,11358
201740,11359
201741,11360
201742,11361
201743,11366
201744,11371
201745,11372
201746,11373
201747,11379
201748,11382
201749,11385
201750,11388
201751,11390
201752,11394
201753,11395
201754,11396
201755,11400
201756,11401
201757,11403
201758,11412
201760,11415
201761,11416
201762,11425
201763,11430
201764,11432
201765,11442
201766,11443
201767,11450
201768,11453
201769,11454
201770,11458
201771,11467
201772,11477
201773,11479
201774,11481
201775,11482
201776,11491
201777,11493
201778,11497
201779,11519
201780,11529
201781,11530
201782,11531
201783,11534
201785,11539
201786,11540
201787,11543
201788,11548
201789,11553
201790,11586
201791,11603
201792,11604
201793,11608
201794,11609
201795,11611
201796,11627
201797,11630
201798,11640
201799,11648
201800,11649
201802,11654
201803,11656
201804,11664
201805,11666
201806,11668
201807,11669
201808,11671
201809,11673
201810,11675
201811,11676
201812,11682
201813,11683
201814,11693
201815,11694
201816,11706
201817,11707
201818,11708
201819,11709
201820,11712
201821,11713
201822,11715
201823,11716
201824,11719
201827,11738
201828,11741
201829,11744
201830,11745
201831,11750
201832,11754
201833,11759
201834,11760
201835,11761
201836,11766
201837,11767
201838,11768
201839,11769
201840,11771
201841,11772
201842,11776
201843,11786
201844,11788
201845,11789
201846,11793
201847,11796
201848,11801
201849,11802
201850,11803
201851,11809
201852,11820
201853,11824
201854,11826
201855,11828
201856,11829
201858,11837
201859,11843
201860,11852
201861,11853
201862,11855
201863,11867
201864,11869
201865,11870
201866,11875
201867,11883
201868,11887
201869,11888
201870,11889
201872,11893
201873,11897
201874,11899
201875,11902
201876,11907
201877,11908
201878,11911
201879,11912
201880,11916
201881,11917
201882,11920
201883,11921
201885,11925
201886,11931
201887,11932
201888,11933
201889,11935
201890,11942
201891,11943
201892,11944
201893,11946
201894,11947
201895,11948
201896,11949
201897,11953
201898,11954
201899,11955
201900,11957
201901,11958
201902,11959
201903,11960
201904,11961
201905,11963
201906,11965
201907,11966
201908,11968
201909,11969
201910,11970
201911,11971
201912,11978
201913,11983
201914,11984
201916,11994
201917,11995
201918,11996
201919,11998
201920,12002
201921,12004
201922,12005
201923,12006
201924,12007
201925,12008
201926,12009
201927,12010
201928,12011
201929,12014
201930,12015
201931,12016
201932,12017
201933,12018
201934,12019
201935,12020
201936,12024
201937,12026
201938,12028
201939,12031
201940,12032
201941,12035
201942,12048
201943,12052
201944,12054
201945,12060
201946,12066
201947,12067
201948,12078
201949,12089
201950,12093
201951,12100
201952,12103
201953,12113
201954,12138
201955,12139
201956,12145
201957,12175
201958,12183
201959,12187
201960,12188
201961,12189
201962,12191
201963,12205
201965,12213
201966,12216
201967,12220
201968,12221
201969,12231
201970,12236
201971,12243
201972,12251
201973,12259
201974,12260
201975,12262
201976,12277
201977,12279
201978,12280
201979,12282
201980,12286
201981,12289
201982,12293
201983,12296
201984,12301
201985,12310
201986,12314
201987,12319
201989,12325
201990,12331
201991,12336
201992,12353
201993,12356
201994,12361
201995,12364
201996,12365
201997,12366
201998,12367
201999,12368
202000,12376
202001,12377
202002,12378
202003,12381
202004,12382
202005,12383
202006,12392
202007,12393
202008,12395
202009,12396
202010,12400
202011,12411
202012,12420
202013,12422
202014,12423
202015,12424
202016,12427
202018,12436
202019,12446
202020,12451
202021,12461
202022,12462
202023,12463
202024,12469
202025,12471
202027,12483
202028,12484
202029,12488
202030,12499
202031,12505
202032,12510
202033,12514
202034,12515
202035,12516
202036,12530
202037,12532
202039,12543
202040,12553
202042,12560
202043,12563
202044,12567
202045,12568
202046,12569
202047,12571
202048,12572
202049,12574
202050,12578
202051,12579
202052,12582
202053,12583
202054,12584
202055,12589
202056,12590
202057,12591
202058,12593
202059,12594
202060,12595
202061,12596
202062,12598
202063,12599
202064,12600
202065,12608
202067,12610
202068,12613
202069,12615
202070,12619
202071,12620
202074,12637
202075,12639
202076,12640
202077,12645
202078,12653
202079,12655
202080,12656
202081,12657
202082,12661
202083,12665
202084,12666
202085,12667
202086,12671
202087,12697
202088,12706
202089,12707
202090,12710
202091,12713
202092,12714
202093,12717
202094,12735
202095,12741
202096,12749
202097,12750
202098,12751
202099,12752
202100,12760
202101,12768
202102,12769
202103,12770
202104,12772
202105,12773
202106,12775
202107,12781
202108,12802
202109,12806
202110,12813
202112,12815
202113,12824
202114,12826
202115,12830
202116,12833
202117,12835
202118,12841
202120,12844
202121,12847
202122,12848
202123,12851
202124,12859
202125,12860
202126,12862
202127,12864
202128,12875
202130,12882
202131,12885
202132,12891
202134,12897
202135,12898
202136,12909
202137,12910
202138,12911
202139,12912
202140,12915
202141,12919
202142,12924
202143,12926
202144,12929
202145,12940
202146,12943
202147,12944
202148,12947
202149,12948
202150,12949
202151,12950
202152,12954
202153,12956
202154,12957
202155,12961
202156,12962
202157,12965
202158,12973
202159,12976
202160,12978
202161,12980
202162,12983
202163,12989
202164,12990
202165,12996
202166,13002
202167,13003
202168,13006
202169,13008
202170,13013
202171,13014
202173,13025
202174,13027
202175,13028
202176,13029
202177,13033
202178,13034
202179,13035
202180,13036
202181,13037
202182,13038
202183,13041
202184,13042
202185,13056
202186,13059
202187,13068
202188,13078
202189,13084
202190,13089
202191,13101
202192,13102
202193,13105
202194,13112
202195,13113
202196,13116
202197,13117
202198,13121
202199,13123
202200,13124
202201,13130
202202,13132
202203,13134
202204,13135
202209,13147
202210,13151
202212,13158
202213,13159
202214,13160
202215,13161
202216,13165
202217,13170
202218,13172
202219,13173
202220,13175
202221,13176
202222,13186
202223,13198
202224,13213
202225,13215
202227,13217
202228,13218
202229,13220
202230,13234
202231,13238
202232,13244
202233,13248
202234,13249
202235,13252
202236,13262
202237,13266
202238,13272
202239,13280
202240,13289
202241,13293
202242,13296
202243,13315
202245,13322
202246,13323
202247,13324
202248,13325
202249,13330
202250,13335
202251,13336
202252,13338
202253,13339
202254,13342
202255,13343
202256,13344
202258,13348
202259,13350
202260,13352
202261,13357
202262,13358
202263,13359
202264,13362
202265,13363
202266,13364
202267,13367
202268,13370
202270,13379
202271,13380
202272,13388
202273,13390
202275,13394
202276,13395
202277,13396
202278,13398
202279,13399
202280,13409
202281,13412
202282,13413
202284,13420
202285,13422
202286,13433
202287,13442
202288,13453
202289,13469
202290,13472
202291,13479
202292,13482
202293,13495
202294,13499
202295,13504
202296,13513
202297,13514
202298,13519
202299,13535
202300,13545
202301,13547
202302,13551
202304,13563
202305,13565
202306,13569
202307,13570
202308,13571
202309,13583
202310,13585
202311,13587
202312,13589
202313,13590
202314,13594
202316,13598
202317,13605
202318,13606
202319,13607
202320,13612
202321,13617
202322,13620
202323,13629
202324,13631
202325,13634
202326,13636
202327,13637
202328,13638
202329,13640
202330,13641
202331,13643
202332,13645
202333,13646
202334,13647
202335,13648
202336,13649
202337,13650
202338,13651
202339,13653
202340,13654
202341,13655
202342,13657
202343,13660
202344,13661
202345,13663
202346,13674
202347,13678
202348,13685
202349,13686
202350,13687
202351,13693
202352,13695
202353,13696
202354,13697
202355,13699
202356,13705
202357,13706
202358,13708
202359,13710
202360,13717
202361,13722
202362,13723
202363,13724
202364,13726
202365,13728
202366,13730
202367,13731
202368,13732
202369,13734
202370,13735
202371,13736
202372,13738
202373,13741
202374,13743
202376,13745
202377,13746
202378,13748
202379,13749
202380,13751
202381,13752
202382,13758
202383,13761
202384,13765
202385,13771
202386,13773
202387,13775
202388,13780
202389,13782
202390,13783
202391,13790
202392,13793
202393,13796
202394,13799
202395,13801
202397,13804
202398,13805
202399,13809
202400,13810
202401,13817
202402,13820
202403,13825
202404,13826
202405,13830
202406,13834
202407,13840
202408,13842
202409,13850
202410,13852
202411,13854
202412,13859
202413,13860
202414,13868
202415,13871
202416,13875
202417,13878
202418,13884
202419,13886
202420,13887
202421,13889
202422,13890
202423,13891
202424,13900
202425,13901
202426,13902
202427,13903
202428,13904
202429,13905
202430,13906
202431,13907
202432,13908
202433,13909
202434,13910
202435,13911
202436,13912
202437,13914
202438,13916
202439,13917
202440,13919
202442,13922
202444,13938
202445,13939
202446,13940
202447,13946
202448,13948
202449,13949
202450,13954
202451,13955
202452,13958
202454,13960
202455,13963
202456,13964
202457,13966
202458,13984
202459,13985
202460,13992
202461,13995
202462,13997
202463,13999
202464,14000
202465,14004
202466,14005
202468,14007
202469,14008
202470,14009
202471,14010
202472,14012
202473,14013
202474,14014
202475,14016
202476,14017
202477,14018
202478,14023
202479,14027
202480,14029
202481,14030
202482,14069
202483,14074
202484,14079
202485,14086
202486,14087
202487,14115
202488,14117
202489,14124
202490,14127
202492,14145
202493,14148
202494,14149
202495,14155
202496,14159
202497,14161
202498,14170
202499,14174
202500,14185
202501,14198
202503,14209
202504,14212
202505,14216
202506,14217
202507,14220
202508,14222
202510,14224
202511,14225
202512,14226
202513,14227
202514,14228
202515,14229
202516,14230
202517,14231
202518,14234
202519,14241
202520,14242
202521,14244
202522,14247
202523,14248
202524,14249
202525,14251
202526,14253
202527,14254
202528,14256
202529,14272
202530,14276
202531,14281
202532,14288
202533,14290
202535,14313
202536,14340
202537,14341
202538,14342
202539,14344
202540,14352
202541,14359
202542,14367
202543,14368
202544,14370
202545,14371
202546,14373
202547,14377
202548,14380
202549,14383
202550,14395
202551,14398
202552,14406
202553,14414
202554,14419
202555,14420
202556,14421
202557,14422
202558,14423
202559,14424
202560,14425
202561,14437
202562,14440
202563,14441
202564,14442
202565,14445
202566,14449
202567,14455
202568,14456
202569,14457
202570,14466
202571,14470
202572,14474
202573,14476
202574,14477
202575,14478
202576,14480
202578,14493
202579,14494
202580,14496
202581,14500
202582,14511
202583,14515
202584,14516
202585,14519
202586,14520
202587,14531
202588,14535
202589,14538
202590,14542
202591,14547
202592,14549
202593,14553
202594,14554
202595,14555
202596,14556
202598,14559
202599,14560
202600,14564
202601,14567
202602,14577
202603,14579
202604,14583
202606,14592
202607,14593
202608,14594
202609,14597
202610,14603
202611,14608
202612,14609
202613,14611
202614,14615
202615,14619
202616,14623
202617,14626
202618,14628
202619,14630
202620,14635
202621,14643
202622,14644
202623,14646
202624,14647
202625,14648
202626,14649
202627,14651
202628,14652
202629,14659
202631,14672
202633,14686
202634,14705
202635,14709
202637,14727
202638,14730
202639,14733
202640,14742
202641,14746
202642,14747
202643,14750
202644,14761
202645,14763
202646,14764
202647,14765
202648,14766
202649,14767
202650,14768
202651,14770
202652,14771
202653,14772
202654,14775
202655,14777
202656,14778
202659,14782
202660,14783
202661,14784
202662,14786
202663,14789
202664,14791
202665,14792
202666,14795
202667,14797
202668,14800
202669,14802
